word	pos	meaning	stem	status
-a	suf.	adjectival suffix		
a-	pref.	infinitive prefix		
á	particle.	imperative particle		
a¹	interj.	O, Oh		
a²	article.	accusative definite article		deleted
acas	n.	neck		
accar-	v.	to do back, react; to requite, avenge		deleted
aha	n.	rage		
ahtar-	v.	to do back, react; to requite, avenge		deleted
ahto	n.	wright, maker		deleted
ahya-	v.	to change		
ai¹	interj.	ah, alas		
ai²	adv.	supposing, suppose, maybe		
aia	interj.	hail		
aian	n.	holy thing or object or place		
aica	adj.	fell, terrible, dire		
ailin	n.	a large lake		
aimenal	n.	lark		deleted
aina	adj.	holy, revered, numinous		
aina-	v.	to hallow, bless, treat as holy		
ainas	n.	hallow, fane	*ainass-	
ainima	adj.	blessed, holy (of things)		
Ainu	n.	holy one, spirit		
aiquen	pron.	if anybody, whoever		
aira	adj.	holy, sanctified		
airë¹	adj. and n.	holy; sanctity, holiness	airi-	
airë²	n.	sea		
airëa	adj.	holy (applied to persons)		
airita-	v.	to hallow		
airon	n.	ocean		
aista	adj.	*holy		deleted
aistana	adj.	*blessed		
aiwë	n.	(small) bird		
aiya	interj.	hail; behold, lo		
(a)lá	interj.	yes		
ála	particle.	do not		
al(a)-¹	pref.	in-, un-, not; †-less, without		
ala-¹	v.	to plant, grow		
al(a)-²	pref.	well, happily		
ala-²	v.	to deny; *to not be		
alacarna	adj.	well-done, well-made		deleted
alahasta	adj.	unmarred		
alahen	adj.	eyeless	alahend-	
alalbë	n.	inflorescence		deleted
alalmë	n.	inflorescence		
alalvëa	adj.	having many elms		
alamen	n.	good omen on departure		
alanessë	n.	nicotiana, pipeweed		
alaquenta	adj.	well (happily) said		
alasaila	adj.	unwise		
alassë	n.	happiness		
alatúlië	n.	welcome		deleted
alatulya	adj.	welcome		deleted
alba	n.	flower		deleted
albë	n.	elm		
alca-	v.	to glitter		
alcar	n.	glory, splendour, radiance, brilliance		
alcarin(qua)	adj.	glorious, brilliant		
alda	n.	tree		
aldarembina	adj.	tree-meshed		
Aldauya	n.	*Tuesday, Day of the Two Trees		
Aldëa	n.	*Tuesday, Tree-day (Númenórean)		
aldinga	n.	tree-top		
Aldúya	n.	*Tuesday, Day of the Two Trees		
aleldarin	adj.	unelvish		
aleldarinwa	adj.	unElvish		deleted
alenessë	n.	nicotiana, pipeweed		
alima	adj.	fair, good		
alla	interj.	welcome, hail		
allumë	adv.	never		
alma	n.	flower		
almë	n.	good (or blessed) thing, blessing, piece of good fortune		
alqua	n.	swan		
alta	n.	radiance		
alvë	n.	elm		
alya	adj.	fair, good		
alya-	v.	to cause to prosper, bless (a work), help one		
am-	pref.	up		
ama-	pref.	*well, happily		deleted
am(a)-	pref.	intensive prefix		
amaltil	n.	*mother finger		
amanya	adj.	*blessed		
amatúlië	n.	blessed arrival		deleted
amatulya	adj.	welcome (of something blessed)		deleted
amaurë	n.	dawn, early day, morning		
amaurëa	adj.	dawn, early day, morning		
amba¹	adv.	up(wards)		
amba²	adj. and pron.	more		
ambalotsë	n.	uprising-flower		
Ambar	n.	The World, Earth, (lit.) Habitation, Settlement		
ambar	n.	fate, doom	ambart-	
ambarónë	n.	dawn		
ambë	adv.	more		
ambela	adv.	further still beyond, far away beyond		
am(be)na	adv.	nearer to		
ambo	n.	hill, rising ground, mount		
ambona	n.	hill		
ambuna	adj.	hilly		
amilessë	n.	mother-name		
amil(lë)	n.	mother		
am(il)ye	n.	*mummy		
amna	adv.	nearer to		
amorta-	v.	to heave		
ampa	n.	hook		
amya	n.	mummy, (orig.) my mother		
amya-¹	pref.	excellent, admirable		
amya-²	v.	[unglossed]		deleted
an	conj. and adv.	for, but, then, or; moreover, furthermore		
an-	pref.	intensive prefix		
an(a)	prep.	to, towards, to a point near, alongside		
ana-¹	pref.	to, towards		deleted
ana-²	pref.	plu-		
(a)nacca	n.	narrows, defile, pass, cut		
Anar	n.	Sun	Anár-	
Anarya	n.	Sunday, (lit.) Sun-day		
anastorna	adj.	*extremely hard		
anca	n.	jaws		
ancárima	adj.	easy, (lit.) very doable		
an(da)-	pref.	superlative prefix		
anda	adj.	long, far		
andamacil	n.	long sword		
andanéya	adv.	long ago, once upon a time		
andatehta	n.	long-mark		
andavanwa	adj.	long-passed; long-departed		
andavë	adv.	long, at great length		
ando	n.	gate, [great] door; †entrances, approaches		
andú-	pref.	going down, setting (of sun), west		
andúna	adj.	western		
andúnë	n.	sunset, evening, (orig.) going down; west		
andúta-	v.	to lower		
andúya-	v.	to descend		
anel	n.	daughter		
anessë	n.	given (or added) name, nickname, surname		
anga	n.	iron		
angal	n.	mirror		
anna	n.	gift, (orig.) thing handed, brought or sent to a person		
anon	n.	son		
anqualë	n.	*death agony		
anta	n.	jaw		deleted
anta-	v.	to give, present; †to add to		
antil	n.	*middle finger		
anto	n.	mouth		
antorya-	v.	to strengthen [of sound]		
antoryamë	n.	strengthening		
anwa	n.	gift		
anya-	v.	to reach, arrive at, go to		
ap-	v.	to touch one, concern, affect		
apa¹	prep.	after (of time)		
apa²	prep.	touching, against, on (above but touching)		
apa³	conj.	but		
apacen	n.	foresight, *(lit.) after-sight		
apacenya	adj.	of foresight		
(apa)ruivë	n.	wild fire, fire as conflagration		
appa-	v.	to touch		
apsen-	v.	to remit, release, forgive		
apta-	v.	to refuse, deny, say nay		
aqua	adv.	fully, completely, altogether, wholly		
aquapahtië	n.	privacy, *(lit.) full-closedness		
aquet-	v.	to answer		deleted
ar	conj.	and		
ar-	pref.	by-, beside, near		
ar(a)	prep.	beside, next [to]; out		
ar(a)-	pref.	noble, high		
aran	n.	king		
arandil	n.	king’s friend, royalist		
arandur	n.	minister, steward, (lit.) king’s servant		
aranel	n.	princess		
aranië	n.	kingdom		
aranus(së)	n.	kingship		
aranya	adj.	*royal		
arata	adj.	high, noble, exalted, lofty		
aráto	n.	champion, eminent man, noble, lord, king		
arauco	n.	demon		
arca-	v.	*to pray, petition		
arcandë	n.	*petition		
arcanwa	n.	*throne		
arcas	n.	crown	arcast-	
arda	n.	region, realm, particular land or region		
árë	n.	sunlight, warmth (especially of the sun); day	ári-	
árë nuquerna	n.	árë-reversed		
ar(i)-	pref.	superlative prefix; good		
arimaitë	adj.	skilful		
arma	n.	ray of sunlight		
armaro	n.	*neighbor		
arpo	n.	seizer, thief		
arquen	n.	noble, knight		
arra	adj.	[unglossed]		deleted
arta¹	adv.	etcetera		
arta²	adj.	high, noble, exalted, lofty		
artarindo	n.	bystander; supporter		
-arya	suf.	*inceptive		
arya	adj.	excelling, *better, *best [with definite article + genitive]		
arya-	v.	to excel		
as	prep.	with		
as(a)-	pref.	easily		
asa-	v.	to be willing, agree		
asalastë	adj.	easily heard		
asambar(o)	n.	*neighbor		
asanótë	adj.	*easily counted		deleted
asar	n.	fixed time, festival		
asar(o)	n.	doctor, leech		
asarta	n.	leech, doctor		
ascenë	adj.	visible, easily seen		
ascénima	adj.	visible, easily seen		
asëa	n.	healing herb, athelas		
asëa aranion	n.	kingsfoil, asëa of the Kings		
asië	n.	ease, comfort		
asta	n.	month; division, part (esp. one of other equal parts)		
asta-	v.	to heat, bake (by exposure to sun)		
astalda	adj.	strong, *valiant		deleted
astar	n.	faith, loyalty		
astarindo	n.	bystander; supporter		
astarmo	n.	bystander; witness		
asumo	n.	friend at need, friend with shared interests, colleague		
asya-	v.	to ease, assist, comfort		
at(a)-	pref.	double, second time		
ataformaitë	adj.	ambidextrous		
atalantë	n.	collapse, downfall		
atalantëa	adj.	ruinous, downfallen		
atamaitë	adj.	two-handed		
atamir	n.	heirloom		
Atan	n.	Man, (lit.) the Second (People)		
ataquanta-	v.	*to refill, fill a second time, double fill		
ataquetië	n.	saying again, repetition		deleted
atar¹	n.	father		
atar²	prep.	*for		
atartil	n.	thumb [nursery rhymes]		
(a)taryo	n.	daddy		
atatya	adj.	double		
atta	num. card.	two		
attalya	n. and adj.	biped, *(lit.) two-footed		
attëa	num. ord.	second		
atto	n.	daddy, father (familiar/family)		
atya¹	n.	daddy, (my) father		
atya²	num. ord.	second		
atyo	n.	*daddy		
aþa-	v.	to be willing, agree		
aþa	adv.	I agree of course, of course I do		
aþumo	n.	friend at need, friend with shared interests, colleague		
au-	pref.	away (from)		
au¹	adv.	away, off, not here (of position)		
au²	adv.	if only		
aucir-	v.	to cut off (and get rid of or lose a portion)		
aunotë(a)	adj.	not counted, uncounted		
aura	n.	possession, thing owned		
aurë	n.	day (as opposed to night), daylight, sunlight, morning		
ausa	n.	dim shape, spectral or vague apparition		
auta	adv.	ago		
auta-¹	v.	to go (away), depart, leave; to pass away, disappear, be lost		
auta-²	v.	to possess, own, keep		
autas	n.	a former occur[rence]	*autass-	
auvanëa	adj.	without beauty		
auvië	n.	possession (abstract), *the act of possessing		
áva	particle.	don’t, negative imperative		
ava-¹	v.	to refuse, forbid		
ava¹	adv. and adj.	*outer		
ava-²	pref.	negation (refusing or forbidden)		
ava²	interj.	strong or curt refusal		
ava-³	v.	to depart, go away, disappear, be lost		
avalatya-	v.	*to refuse to open		
avalda	adj.	move[d], stirred, excited		
avalerya-	v.	to restrain, to deprive of liberty		
avanir	n.	unwill		
avanwa	adj.	refused, forbidden, banned		
avanyárima	adj.	unspeakable, what one must not tell, not to be told or related		
avaquétima	adj.	not to be said, that must not be said		
avar	adv.	away down		
avatyar-	v.	*to forgive, (lit.) do away with		
axan	n.	law, rule, commandment		
axë	n.	neck (vertebrae), rock ridge		
axo¹	n.	bone		
axo²	n.	neck		
áya	n.	awe		
ca	prep.	behind, at back of place		
caina	num. ord.	tenth		
cainen	num. card.	ten		
cairë	?	[unglossed]		
caista	fraction.	one tenth		
caistanótië	n.	decimal system		
caita-¹	v.	to lie (down)		
caita-²	v.	*to lay (something down)		
cal-	v.	to shine		
cala	n.	light		
calambar	adj.	*light-fated		
calar	n.	lamp		
calarus	n.	polished copper	calarust-	
calca	n.	glass		
cálë	n.	light		
calima	adj.	bright, luminous		
calina	adj.	light, bright, sunny, (lit.) illumined		
calma	n.	lamp, (device for shining) light		
calmatan	n.	lampwright		
calmatéma	n.	k-series		
calta-	v.	to kindle		
cam-	v.	to receive		
camba	n.	(cupped) hand, hollow of the hand		
cambë	n.	hand		
cana	prep.	behind, at back of place		
ca(na)sta	fraction.	one fourth		
cáno	n.	commander, chief(tain), ruler, governor; †crier, herald		
cansat	fraction.	one fourth		
canta-	v.	?		
canta¹	num. card.	four		
canta²	n.	shape, framework		
cantaro	n.	shaper		
cantëa	num. ord.	fourth		
cantië	n.	pattern		
cantil	n.	fourth finger		
canwa¹	n.	announcement, order		
canwa²	n.	face		
canya-	v.	?to command		
car-	v.	to do, make		
cára	n.	head		
caraitë	adj.	active, busy	caraiti-	
caraitië	n.	activity, business		
carassë	n.	built fort or dwelling surrounded by bulwarks		
carasta-	v.	to build		
caraxë	n.	*jagged hedge of spikes		
carca	n.	fang; [sharp] rock		
carda	n.	deed		
-carë	suf.	action, doing, making		
carië	n.	doing, making		
cárima	adj.	feasible, possible (to do), able to be done		
carina	adj.	done		
carma¹	n.	helm		
carma²	n.	tool, implement, means, weapon		
carma³	n.	deed		deleted
carmë	n.	production, making; structure; art		
carnë	adj.	red, scarlet	carni-	
carpa	n.	(entire) mouth; phonetic system		
carpa-	v.	to talk, speak, use tongue		
carpassë	n.	mouth-system; full organized language, including system, vocabulary, metre, etc.		
carrëa	n.	tressure		
carva	n.	*womb		
-carya	suf.	-doing		
cas	n.	head	car-	
Casar	n.	Dwarf		
cast	fraction.	one tenth		
cas(ta)	adv.	to the top		
castol(o)	n.	helmet		
cat-	v.	to shape, fashion		
ca(ta)	prep.	behind, at back of place		
cauma	n.	protection, shelter; shield		
cav-	v.	to receive		
-cca	suf.	your (dual)		
-ccë	suf.	you (dual)		
cé¹	adv.	may (be)		
cé²	conj.	if		
cëa	n.	*hedge		
cëa(n)	num. card.	ten		
céla	adv.	maybe not		deleted
celima	adj.	fluent		
celumë	n.	flowing, flood (tide), stream		
celundë	n.	welling forth		
celussë	n.	freshet, water falling out swiftly from a rocky spring		
celva	n.	animal, living thing that moves		
cemen	n.	the earth; earth		
cen	n.	sight		
cen-	v.	to see, behold, look		
cenai	conj.	if it be that		
cenasit	adv.	if it be so, may be, perhaps		
cenasta	adv.	if it be so, may be, perhaps		
cenda	n.	inspection, reading		
cenda-	v.	to watch (intensively), observe (for some time); to read		
cendë	n.	point		
cendelë	n.	face		
cénima	adj.	visible		
cenítë	adj.	seeing, *able to see		
centa	n.	enquiry, *essay		
cenwa	n.	?reading		
cenya	adj.	*seeing		
Cermië	n.	July		
certa	n.	rune		
ces-	v.	to search, examine (in order to find something)		
cesta-¹	v.	to seek, search for		
cesta-²	v.	to ask		
cesya-	v.	to cause interest, interest (oneself), (lit.) to cause one to enquire		
ceu	adj.	fresh, new,		
ceula	adj.	?alive (of vegetable)		
ceulë	n.	*renewal		
ceura	adj.	renewed		
ceuran	n.	new-moon	*ceurán-	
ceuranar	n.	new sun after solstice	ceuranár-	
ceurë	adj.	renewed		
ceuta-	v.	to renew, refresh		
céva	adj.	fresh, new, renewed		
cilin	n.	glass		
cilintilla	n.	looking-glass		
cilintír	n.	looking-glass		
cilinyul	n.	drinking-vessel (made of glass)	*cilinyulm-	
cilmë	n.	choice, choosing		
cilmessë	n.	self-name		
címa	n.	edge of a cutting weapon/tool		
cimba	n.	edge, brink		
cinta	adj.	small		
cir-	v.	to cut		
circa	n.	sickle		
cirincë	n.	scarlet-plumed species of bird		
cirma	n.	knife		
cirmacin	n.	knife-edge	cirmacim-	
cirya¹	n.	(sharp-prowed) ship; swift gliding		
cirya²	n.	cleft, pass		
ciryamo	n.	mariner		
ciryando	n.	sailor		
ciryaquen	n.	shipman, sailor		
ciryatan	n.	shipbuilder, shipwright	*ciryatam-	
cíta-	v.	to suppose		
ciuca	n.	*thigh		
cöa	n.	house; outhouse, shed, hut, booth; building used for a dwelling or other purposes; †body		
cöacalina	n.	light of the house, indwelling spirit		
coimas	n.	life-bread, lembas	*coimass-	
coimen	n.	life-year	coimend-	
coirë	n.	stirring, early spring		
coirëa	adj.	living		
coita-	v.	*to live, be alive, have life		
coivë	n.	life		
coivië	n.	life		
col-	v.	to bear, *carry, wear		
colba	n.	*womb		
colbamarië	n.	gestation, *(lit.) womb-residence		
colbanavië	n.	gestation, *(lit.) womb-being		
cólima	adj.	bearable, light (of burdens and things comparable, troubles, labors, afflications)		
colindo	n.	bearer		
colla	adj.	borne, worn; vestment, cloak		
collo	n.	cloak		
cólo	n.	burden		
coloitë	adj.	capable of bearing, tolerant (of), enduring	coloiti-	
coloitië	n.	endurance, staunchness, fortitude		
combë	n.	gathering, assembly, assemblage, collection		
comya-	v.	to collect		
condo	n.	lord		
conta-	v.	[unglossed]		deleted
coranar	n.	(solar) year, (lit.) sun-round	coranár-	
corma	n.	ring		
coron	n.	mound	corn-	
corto	n.	circle		
cotto	n.	*enemy		
cuima	n.	creature, animal		
cuita-	v.	to live		
cuiva	n.	animal		deleted
cuivë	n.	awakening		
cuivië¹	n.	awakening		
cuivië²	n.	life		
culumalda	n.	laburnum, *(lit.) orange-tree		
cúma	n.	[unglossed]		
cúna	adj.	bent, curved		
cúna-	v.	to bend		
cundo	n.	lord, guardian	cundu-	
cunta-	v.	to rule		deleted
cunya-	v.	to rule		deleted
curo	n.	skillful (?device)	curu-	
curu	n.	skill		
curwë	n.	skill of the hand, technical skill and invention		
cuv-	v.	to conceal, hide		
cúvima	adj.	concealable		
cuvo	n.	hider		
cuvoitë	adj.	hiding, secretive; treacherous	cuvoiti-	
cyúca	n.	*thigh		
-da	suf.	product of an action		
-dil	suf.	-friend, -lover		
-duinë	suf.	(large) river		
-dur	suf.	-servant		
-e	suf.	plural of adjectives		
e	pron.	one, (neut[er]) it, a thing		deleted
Eä	n.	Creation, the (Material) Universe, Cosmos, World; it is, let it be		
ëa-	v.	to be, exist		
-ëa¹	suf.	continuative present		
-ëa²	suf.	ordinal suffix		
ëala	n.	spirit (not incarnate), being		
ëar	n.	sea, great sea		
ëaren	n.	ocean, great sea		
ëarendur	n.	(professional) mariner		
Eärenya	n.	Sea-day, *Thursday		
eäron	n.	ocean, great sea		
ëarráman	n.	great ship for sailing on the Great Sea	ëarrámand-	
ec-	v.	to have a chance of; may, can		
ecces-	v.	to find out, bring out by examining or eyeing[?]		
ecellë	n.	urchin, hedgehog		
ecet	n.	short stabbing sword		
effírië	n.	death		
ehtelë	n.	spring, issue of water		
él	n.	star		
ela	interj.	behold!		
Elda	n.	Elf, (lit.) one of the Star-folk		
Eldalië	n.	People of the Elves, Elven-folk		
Eldarin	adj. and n.	of the Eldar; Elvish (language)		
elen	n.	star		
Elenya	n.	Saturday, *Star-day		
elenya	adj.	adjective referring to the stars, *of the stars, stellar		
elmë	pron.	we (emphatic inclusive), *we (emphatic exclusive)		deleted
elp-	v.	to anoint		
elvë	pron.	we (emphatic inclusive)		
elvëa	adj.	starlike		
elyë	pron.	you (emphatic polite)		
emel	n.	love [abstract]		
emer-	v.	?to herd (sheep)		
emerwen	n.	shepherdess		
emil	n.	mother		
emma	n.	*picture		
emmë¹	pron.	*we (emphatic exclusive dual)		
emmë²	n.	mummy, mother (familiar/family)		
emmo	pron.	we (emphatic exclusive dual)		
empollië	adv.	*retrying, redoing, another attempt		
emya	n.	mummy, (orig.) my mother		
en	adv.	then soon		
en-	pref.	re-, again		
en(a)	adv.	still		
éna	?	[unglossed]		
-enca	suf.	without, -less		
enda	n.	heart; centre		
endaquet-	v.	to answer		
endë	n.	centre, middle		
endëa	adj.	middle		
enel	prep.	in the middle, between		
eneldë	n.	*middle finger		
enellë	n.	*middle finger		
enelmo	n.	go-between, intervener, intermediary, mediator		
enenquë	num. card.	sixteen		
enestil	n.	*middle finger		
engë	adv.	ago, in the past		
engo	pron.	*we (emphatic dual)		
engwa	adj.	sickly		
engwë	n.	thing [that exists]		
enquanta-	v.	to refill		
enquë	num. card.	six		
enquëa	num. ord.	sixth		
enquesta	fraction.	one sixth		
enquet-	v.	to repeat, say again		
enquië	n.	Elvish week of six days		
enta	adj.	another, one more		
entar	n.	tomorrow		deleted
entë¹	adv.	moreover, further(more), what is more		
entë²	n.	centre		
entul-	v.	to come again, return		
entulessë	n.	return		
entya	adj.	central, middle		
envinyata-	v.	to renew, heal		
enwa	adv.	yet		
enwina	adj.	old		
enya	adv.	then soon		
enyal-	v.	to recall		
enyalië	n.	memory, (lit.) recalling		
eo	pron.	person, somebody (unnamed)		
epë	prep.	after (of time), following; before (in all relations but time)		
epeni	conj.	before		
epessë	n.	after-name		
ep(e)ta	adv.	following that, thereupon, thence, whereupon		
epetai	conj.	consequently; (lit.) following which (fact)		
equë	v.	say, says, said		
eques	n.	saying, (current or proverbial) dictum, quotation from someone’s uttered words	equess-	
er	adj. and adv.	one, alone		
erdë	n.	singularity		
eressë	n.	solitude, separation, isolation		
eressëa	adj.	lonely		
erinqua	adj.	single, alone		
erma	n.	(physical) matter		
Eru	n.	The One, God		
Eruva	adj.	divine		
essë¹	n.	name		
essë²	pron.	he, *she, it (emphatic)		
estat-	v.	to distribute in even portions		
estel	n.	hope, trust, *faith		
estirnë	n.	brow		
esto	pron.	they (emphatic dual)		
et	prep.	out (of)		
et(e)-	pref.	*out		
etelehta-	v.	*to deliver, (lit.) free from		
eteminya	adj.	prominent		
eterúna-	v.	*to deliver, (lit.) free from		
ethenta-	v.	to read aloud		
etsat-	v.	to distribute in even portions		
etsurya-	v.	to go out		
etta	conj.	*therefore, (lit.) out of that		
etya	adj.	exiled		
exa	adj.	other		
exe	n.	the other		
ezel(la)	adj.	green		
fá¹	n.	*ray of light, flame		
fá²	n.	breath, puff of breath		
fai	adv.	*before of time		
faila	adj.	fair-minded, just, generous		
fairë	n.	spirit (disembodied), phantom; †radiance		
falassë	n.	(wave-beaten) shore, seashore, line of surf		
falasta-	v.	to foam, surge		
falma	n.	(crested or foaming) wave, breaker		
fana	n.	raiment, veil; (bright) shape or figure; bodily form of an angelic spirit		
fána	adj.	white		
fánë	adj.	white		
fanga	n.	beard		
fanta-	v.	to veil, cloak, mantle		
fantercenya	adj.	perspicacious, penetrating of sight or understanding		deleted
fanto	n.	whale		
fanwa	n.	veil, screen		
fanwë	n.	vapour, steam		
fanya	n.	(white) cloud, white and shining [thing]		
fanyarë	n.	the skies (not heaven or firmament), the upper airs and clouds		
fara-	v.	to hunt		
faralë	n.	hunting		
farnë	n.	ash, rowan	farni-	
fëa	n.	(indwelling or incarnate) spirit, soul		
fëafelmë	n.	*spirit-impulse		
felca	adj.	[unglossed]		
felco	n.	cave, mine, underground dwelling		
felehta-	v.	[unglossed]		
felmë	n.	*impulse, emotion		
felya	n.	mine, boring, tunnel, underground dwel[ling]		
fendë	n.	door		
fenna	n.	door		
fenta-	v.	to begin		
férima	adj.	ready to hand, (quickly) available		
ferya-	v.	to make ready (promptly)		
fifíru-	v.	to slowly fade away		
filincë	n.	finch	filinci-	
fimbë	adj.	slim, slender	fimbi-	
finca¹	adj.	clever (in petty ways)		
finca²	n.	[unglossed]		
finda¹	adj.	having hair, -haired		
finda²	adj.	fine and delicately made		
findë	n.	hair (especially of the head), tress or plait of hair		
findelë	n.	tress, lock [of hair]		
findessë	n.	head of hair, person’s hair as a whole		
findilë	n.	head of hair		
finë	n.	(single) hair, filament	fini-	
fínë	n.	dexterity		
fínëa	adj.	dexterous		
finta-	v.	to make, finish off, decorate a thing with delicate work; to show skill		
fintalë	n.	trick		
finwa	adj.	clever, fine, delicate; dexterous		
finya	adj.	clever		
finya-	v.	to do/make a thing (with fine work)		
fir-	v.	to die, fade, †expire, breathe forth		
fírië	n.	death (of Men), *natural death		
fírima	adj.	mortal, *(lit.) able to die		
firya	adj.	mortal; human		
fó	interj.	nay, no		
föa	n.	breath, puff of breath		
föalócë	n.	*breath-dragon		
for-	pref.	right-hand, north		
forma	n.	right-hand [side]		
formaitë	adj.	righthanded		
formen	n.	north		
forna	adj.	northern		
fúmë	n.	breath		
hac-	v.	to yawn		
hácala	adj.	yawning		
hahta	n.	fence, hedge		
haia	adv.	afar		
haila	adv.	far beyond		
hala	n.	cast shadow		
halda	adj.	tall		
halla	adj.	tall		
ham-	v.	to judge		deleted
hamna	n.	pile, (artificial) mound		
hampa	adj.	restrained, delayed, kept		
han	prep.	beyond		
han-	pref.	*back as an answer or return by another agent		
hanno	n.	brother (diminutive)		
háno	n.	brother		
hanquenta	n.	answer		
hantalë	n.	thanksgiving		
hanwa	n.	seat		
har-	v.	to sit, stay		
haranyë	n.	century (100 years)		
χarina	adj.	marred		
harina	adj.	marred		
harma	n.	treasure		
háro	?	[unglossed]		
harya-	v.	to have		
hasa-	v.	to treat (medically), (help to) cure; to treat kindly, make easy		
hasta-	v.	to mar		
hastaina	adj.	marred		
hatal	n.	spear		
haura¹	adj.	huge		
haura²	n.	hoard, store; funeral mound		
háva	n.	bread (collective)		
havar	n.	a loaf or cake of bread		
he	pron.	other person, him (the other)		
heca	interj.	be gone!, stand aside!		
hecil	n.	one lost or forsaken by friends, waif, outcast, outlaw		
hecile	n.	one lost or forsaken by friends, waif, outcast, outlaw (f.)		
hecilo	n.	one lost or forsaken by friends, waif, outcast, outlaw (m.)		
hehta-	v.	to put aside, leave out, exclude, abandon, forsake		
hela	conj.	*other than		deleted
helca	adj.	icy, ice-cold		
hen	n.	eye	hend-	
hendas	?	[unglossed]		
hendumaica	adj.	sharp-eye[d]		
henfanwa	n.	eye-screen, veil upon eyes		deleted
henta-	v.	to eye, examine, read, scan		
hententa-	v.	to spot with eye		
hentië	n.	reading		
hequa	adv. and prep.	leaving aside, not counting, excluding, except		
hér	n.	lord		
heren	n.	order		
heri	n.	lady		
hérincë	n.	*little lady		
heru	n.	lord, master		
hí	adv.	here		
hildë	n.	heir, follower	hildi-	
hína	n.	child		
hindë	n.	[unglossed]		deleted
hindo	n.	[unglossed]		deleted
hintil	n.	baby (finger)		
hinyë	n.	baby		
hir-	v.	to find		
hísë	n.	mist	hísi-	
hísië	n.	mist, mistiness		
hísilanya	n.	mist thread, grey elvish rope		
Hísimë	n.	November, *Misty-one		
hlapu-	v.	to blow, fly or stream in the wind		
hlar-	v.	to hear		
hlas	n.	ear	hlar-	
hlimbë	adj.	sliding, gliding, slippery, sleek		
hlöa	n.	flood, fenland		deleted
hlócë	n.	reptile, snake, serpent, worm	hlóki-	
hloima	n.	poison, poisonous substance		
hloirë	n.	venom, poison, poisonousness		
hloirëa	adj.	venomous		
hloita-	v.	to poison, envenom, fill with poison		
hlón(a)	n.	noise, sound	hlon-	
hlonaitë	adj.	phonetic		
hlonitë	adj.	phonetic		
hlúvo	adj.	greasy, fat	hlúvu-	
hó-	pref.	away, from, from among		
hó	n.	hound (or ?heart)		
höa	adj.	big, large		
hócir-	v.	to cut off (so as to have or use a required portion)		
holdë	n.	[unglossed]		
holla	adj.	?shut		
holma	adj.	?shut		
holmo	adv.	sincerely, heartily		
holta-	v.	?to shut, close		
holya-	v.	?to shut, close		
hón	n.	heart (physical organ)	hom-	
honda	adj.	hearted		
hondo	n.	[metaphorical] heart, (seat of the) deepest feelings		
hondoringa	adj.	cold-hearted		
hosta-	v.	to gather (hastily together), collect, assemble, pile up		
hótul-	v.	to come away (to leave a place and go to another)		
hrá	prep.	*for, on behalf of		
hrai-	pref.	hard, *difficult		
hrai	adj.	awkward, difficult, stiff		
hrai(a)¹	adj.	awkward, difficult, stiff		
hrai(a)²	adj.	easy		deleted
hraicenë	adj.	scarcely visible, hard to see		
hraicénima	adj.	scarcely visible, hard to see		
hrainotë	adj.	*hard to count		deleted
hranga	adj.	awkward, difficult, stiff, hard		
hranga-	v.	to thwart		
hráva	adj. and n.	wild, savage; wild beast		
hravan	n.	wild beast		
hrávë	n.	flesh		
hresta	n.	beach, shore		
hrissë	n.	fall of snow		
hristil	n.	snow (?peak)		
hrisya-	v.	to snow (impersonal)		deleted
hrívë	n.	winter		
hriz-	v.	to snow		
hró-	pref.	east		
hröa	n.	body, bodily form, flesh; physical matter		
hröafelmë	n.	*body-impulse		
hröangolmë	n.	lore of the body and arts of healing		
hróme(n)	n.	east		
hrón	n.	matter, substance, flesh; body		
(h)róna	adj.	eastern, east		
hrondo	n.	(physical) body, corporeal form		
hróta	n.	dwelling underground, artificial cave or rockhewn hall		
hróva¹	adj.	dark, dark brown (of hair)		deleted
hróva²	adj.	savage, wild		
hru-	pref.	evil-		
hrúcarë	n.	evil-doing		
hruo	n.	*wickedness		
hrú(y)a	adj.	evil, wicked		
hú	n.	hound (or ?heart)		
huinë	n.	gloom, (unrelieved) darkness, deep shadow, night shade; dark (as a substance)		
húna	adj.	cursed, accursed		
húta-	v.	to curse		
hwá	n.	violent wind		
hwal-	v.	to wash		
hwarwa	n.	violent wind		
hwermë	n.	gesture-code		
hwesta	n.	breeze		
hwesta sindarinwa	n.	Grey-elven hw		
hwindë	n.	birch		
hwirya-	v.	to wither		
hya¹	conj.	or		
hya²	pron.	other thing		
hyam-	v.	*to pray		
hyana	adj.	other		
hyanda	n.	pressed mass, crowd		
hyando	n.	cleaver		
hyanna	adj.	compact		
hyar-	pref.	left-hand, south		
hyárë	n. and adv.	*today, this day		
hyarma	n.	left-hand [side]		
hyarmen	n.	south, (lit.) left-hand direction		
hyarna¹	adj.	southern		
hyarna²	adj.	compact		
hyázë	n.	*this day		
hye	pron.	other person, him (the other)		
hyero	n.	wine	hyeru-	
-i¹	suf.	general plural for nouns		
i¹	article.	the		
-i²	suf.	simplest aorist infinitive		
i²	pron.	who, what, which, that (relative pronoun)		
-ië¹	suf.	abstract noun, adverb		
-ië²	suf.	gerund suffix, -ing		
-ië³	suf.	perfect suffix		
-iel	suf.	-daughter; feminine suffix		
-ien¹	suf.	feminine ending; feminine patronymic, -daughter		
-ien²	suf.	-land	-iend-	
ier	prep.	*as		
il-	pref.	every, *all		
-(i)la	suf.	active participle		
ilaurëa	adj.	*daily		
ilca-	v.	to gleam (white)		
ilcë	pron.	you (emphatic plural familiar)		
-ilco	suf.	you (dual)		
illi	pron.	all		
-(i)llo	suf.	you (dual)		
illumë	adv.	*always		
ilmë	pron.	we (emphatic inclusive)		
ilquárëa	adj.	general		
ilquen	pron.	everybody		
ilu	n.	everything, all, the whole		
ilucara	adj.	omnificent		
iluisa	adj.	omniscient		
ilúvala	adj.	omnipotent		
ilúvë	n.	the whole, the all, allness		
ilvan(y)a	adj.	perfect		
ilya	adj.	every, each, all (of a particular group of things)		
ilyama	pron.	all [things]		
ilyarëa	adj.	*daily		
ilyë	adj.	all		
im-	pref.	same, self		
-ima	suf.	-able, possibility		
imba	pron.	same, self-same		
Imbar	n.	Habitation		
imbë¹	prep. and adv.	between, among		
imbë²	n.	deep valley, wide ravine, (lit.) tween-land		
imbilat	n.	*deep valley		
imi	prep.	in		
imíca	prep.	among		
imlë	pron.	yourself (polite)		
imli	pron.	*yourself (polite)		
imma	pron.	same, self-same, same thing		
immë¹	pron.	ourselves (exclusive)		
immë²	pron.	ourselves (emphatic dual)		deleted
immë³	pron.	?the same person		
immo	pron.	same one (person), self		
imnë	pron.	myself		
imni	pron.	myself		
imya	adj.	same, identical, self-same		
in	article.	the		
-ina	suf.	adjective suffix; passive participle		
ina	adj. and pron.	(stronger) the		
incánu	n.	mind master		
incánussë	n.	mind mastership		
-incë	suf.	diminutive ending		
incë	pron.	*we (emphatic dual)		
indë	pron.	yourselves		
indemma	n.	mind-picture (of apparition in dream)		
indil	n.	lily, other large single flower		
indis	n.	wife	indiss-	
indo	n.	(state of) mind, (inner) thought, mood; will, resolve		
indómë	n.	settled character; will of Eru		
indu-	v.	to will, do on purpose		
induinen	n.	purpose		
indyel	n.	small bell		
inga	n.	top, highest point		
ingaran	n.	high-king		
ingë	pron.	*we (emphatic dual)		
ingolë	n.	lore, science, philosophy		
ingolmo	n.	loremaster, wizard, one with very great knowledge		
ingor	n.	summit of a mountain		
-inqua	suf.	-ful, complete		
inquë	pron.	we, thou-and-I (emphatic inclusive dual)		
-inquë	suf.	thou-and-I (dual)		
insa	pron.	itself		
insangarë	n.	*temptation		
insë	pron.	himself, herself		
insil	n.	flower, lily		
intë¹	pron.	themselves		
intë²	pron.	they (emphatic)		
intyë	pron.	yourself (familiar)		
inwalmë	n.	mood of mind		
inwë	pron.	ourselves (inclusive)		
inwis	n.	change of mind/mood	inwist-	
inyë	pron.	I (emphatic)		
-ion	suf.	-son, masculine patronymic		
ipsin	n.	fine thread		
iqui	conj.	if		
írë	n.	desire		
írima	adj.	desirable, lovely, beautiful		
Isil	n.	Moon, (lit.) Sheen		
isilmë	n.	moonlight		
Isilya	n.	*Monday, Moon-day		
isima	n.	imagination, mind		
-issë	suf.	ending in feminine names		
issë	pron.	he, *she, it (emphatic)		
ista-	v.	to know		
istima	adj.	wise (in sense knowing very much), knowledgeable, very well informed, learned		
-ita	suf.	particular infinitive		
ita	conj.	that which, what		
ita-	v.	to sparkle		
íta¹	n.	flash		
íta²	adv.	very, extremely; (lit.) multiplied, increased		
itara	adj.	gleaming		deleted
itas	adv.	in that case		
-itë	suf.	adjectival ending; [with verbs] capable of doing, generally (and naturally) doing	-iti-	
it(ë)	adv.	if		
itila	adj.	twinkling, glinting		
ixal	n.	cast shadow		
kyermë	n.	prayer		
-l	suf.	you (polite)		
-la	suf.	active participle		
la-	pref.	not, in-, un-		
lá-	v.	to not be		
lá¹	adv.	no, not		
lá²	prep. and adv.	beyond, across, athwart, over		
lá³	interj.	yes		
lacalima	adj.	not possible to be kindled (made to shine)		
lacaltaima	adj.	not possible to be kindled		
lacaraitë	adj.	impossible		
lacarë	n.	inaction, (lit.) not-doing		
lacárima	adj.	not feasible, impossible		deleted
lacarina	adj.	undone		
lacenítë	adj.	unseeing, blind		deleted
lahta-	v.	to cross, pass over, go over; to surpass, excel		
laica	adj.	green		
laicalassë	adj.	green-leaf, green as leaves		
laima	n.	plant		
laiqua	adj.	green		
laiquë	n.	herb		
lairë	n.	summer		
lairelossë	n.	summer-snow-white, species of tree in Númenor		
lairus	n.	verdigris	lairust-	
laista	n.	ignorance, (lit.) not-knowing		
laistëa	adj.	ignorant		
laistila	adj.	ignorant		
laita-	v.	to praise, bless		
laitalë	n.	praise		
lala-	v.	to laugh		
láma	n.	sound		
laman	n.	animal	lamn-	
lamate	n.	fasting, a fast		
lámatyávë	n.	*sound-taste		
lamba	n.	(physical) tongue		
lambë	n.	language, tongue, dialect		
lambelë	n.	phonetics		
lambetengwë	n.	consonant		
lambina	adj.	of tongue, spoken with tongue		
lamélima	adj.	unlovable		
lamma-	v.	?to echo		
lan	conj.	*while		
lanca	n.	sharp edge (not of tools), sudden end		
landa¹	adj.	wide		
landa²	n.	boundary		
lanë	n.	hem	lani-	
langa-	v.	to cross, go over, pass over		
langa	n.	thing that crosses, ferry, ford, crossway, bridge, cross-bar		
langë	adv.	surpassingly, superlatively, extremely		
lango	n.	neck		
lanna	adv. and prep.	athwart, (to a point) beyond		
lanotoitë	adj.	innumerable	lanotoiti-	
lanta	n. and adj.	fall; falling		
lanta-	v.	to fall		
lantalca	n.	boundary post or mark		
lantë	n.	fall		
lanwa	adj.	within bounds, limited, finite, (well-)defined		
lanwë	n.	ebb-tide		
lanya	n.	thread, warp		
lanya-¹	v.	to bound, enclose, separate from, mark the limit of		
lanya-²	v.	to cross		
laptë	n.	gluttonous eating		deleted
láquet-	v.	to deny (fact or accusation); (lit.) to say ‘it is not’		
laqui	conj.	unless		
lár	n.	league; †stop, pause		
larma	n.	raiment		
larmo	n.	listener (spy or scout)		
las	adv.	it is/was not so		
lasir	conj.	rather the reverse		
lassë	n.	leaf		
lasselanta	n.	(late) autumn, (lit.) leaf-fall		
lassewinta	n.	leaf fall, autumn, *(lit.) leaf blowing		
lasta-	v.	to listen		
láta	adj.	open (not closed)		
látie	n.	openness		
latina	adj.	free (of movement), not encumbered with obstacles		
latya	n.	opening		
latya-	v.	to open anything (so as to allow entry)		
lauca	adj.	*warm		
laurë	n.	gold (light or colour)		
laurëa	adj.	golden (of hue)		
laurië	n. and adv.	goldenness; like gold		
laurinquë	n.	yellow-flowered tree		
lauya-	v.	to flourish (green), grow		
lav-	v.	to lick		
lávar	n.	(golden) blossom		
-lda¹	suf.	your (plural)		
-lda²	suf.	your (dual)		
-lda³	suf.	a comparative suffix		deleted
-ldë¹	suf.	you (plural)		
-ldë²	suf.	feminine agent		
-lë	suf.	abstract noun, adverb		
le	pron.	you (plural)		
lé¹	n.	way, method, manner		
lé²	prep.	with		deleted
lehta	adj.	free, released		
lélë	n.	will		
lelta-	v.	to send, *(lit.) cause to go		
leluya	adj.	thick (of a single thing)		deleted
lelya	adj.	delicate, beautiful and fine, slender, lovely		
lelya-¹	v.	to go, proceed (in any direction), travel		
lelya-²	v.	to appear (of beautiful things); to attract, enchant (with dative)		
lelya-³	v.	?thick, thicken & congeal		deleted
lelya-⁴	v.	to will with conscious purpose, immediate or remote		
lemen	num. card.	five		
lemenya	num. ord.	fifth		
lemnë	num. card.	five		
lempë	num. card.	five		
lempëa	num. ord.	fifth		
lenda	n.	journey		
lenda-	v.	to go free		
lenga-	v.	to behave		deleted
lengë	n.	gesture, characteristic look, gesture or trait		deleted
lengwë	n.	yearning, desire for what is lost or absent		deleted
lenna-	v.	to come		
lenta	adj.	free		
lenwë	n.	leaving, departure		
lenweta-	v.	to go away, migrate, leave one’s abode		
lepecan	n.	fourth finger	lepecant-	
lependë	n.	middle finger		
lepenel	n.	middle finger		
lepenquë	num. card.	*fifteen		
lepente	n.	fourth finger		
lepenya	num. ord.	fifth		
leper	n.	finger		
lepesta	fraction.	one fifth		
lepetas	n.	index finger	lepetass-	
lepetta	n.	Gondorian hardwood		
lepinca	n.	little finger		
lepincë	n.	little finger	lepinci-	
lepsat	fraction.	one fifth		
lepsë	n.	*finger		
lepta	adj. and n.	fingered; thumb		
lepta-	v.	to pick (up/out); to finger, feel with the fingertips		
leptafinya	adj.	clever-fingered		
leptas	n.	*index finger		
leptenta-	v.	*to point to, indicate with finger		
leptollë	n.	*thumb		
léra	adj.	free (of persons)		
lerembas	n.	bread taken on leaving home (for a long journey)		
lerina	adj.	free (of things)		
lerta-	v.	to be free to do		
lerya-	v.	to release, set free, let go		
lesta	n.	*girdle		
leuca	n.	snake		
leuta	n.	finger		
-li	suf.	partitive plural (suffix); many, some, a lot of		
líco	n.	wax	lícu-	
lícuma	n.	taper, candle		
lië	n.	people, folk		
lillassëa	adj.	having many leaves		
lilómëa	adj.	many-shadowed, very dark, full of darkness		
lilótëa	adj.	having many flowers		
lilta-	v.	to dance		
limbë	adj.	quick, swift	limbi-	
limë	n.	link	limi-	
limpa	adj.	frail, slender and drooping		
li(n)-	pref.	many		
linda	adj.	beautiful (of sound), sweet, melodious; soft, gentle, light		
linda-	v.	*to sing, make music		
lindalë	n.	music		
lindë	n.	singing, song, musical sound	lindi-	
lindimaitar	n.	composer, musician		
linga-	v.	*to hang, dangle		
lingë	n.	musical sound		
lingëa	adj.	with a musical sound		
lingi-	v.	[unglossed]		
lingwë	n.	fish	lingwi-	
linquë¹	n.	(leaf of a) hyacinth		
linquë²	n. and adj.	light-substance; liquid light, *photons		
linta	adj.	swift		
lintië	n. and adv.	swiftness, speed; swiftly, *quickly		
lir-	v.	to sing		
liralë	n.	merry singing		
lírë	n.	song	líri-	
liru-	v.	to sing		
lirulin	n.	lark		
lís	n.	honey	liss-	
lissë¹	adj.	sweet	lissi-	
lissë²	n.	grace		
liyúmë	n.	host		
-lla¹	suf.	your (plural polite)		
-lla²	suf.	your (dual)		
-llë¹	suf.	feminine agent		
-llë²	suf.	you (plural)		
-llë³	suf.	you (dual polite)		
-llë⁴	suf.	like, in the same way/manner		
-llo	suf.	(movement) from; ablative suffix		
-lma¹	suf.	our (exclusive)		
-lma²	suf.	our (inclusive)		
-lma³	suf.	our (inclusive dual)		
-lmë¹	suf.	we (exclusive)		
-lmë²	suf.	we (inclusive)		
-lmo	suf.	we (inclusive dual)		
ló	prep.	(away) from; by agent [of]		
löa	n.	(seasonal) year, (lit.) (time of) growth, blooming		
löar	n.	(golden) blossom		
lócë¹	n.	bight, bend, curl of hair		
lócë²	n.	snake, serpent		
locin	adj.	bent		
loëndë	n.	mid-year (Númenórean calendar), *(lit.) year-middle		
loi-	pref.	mistaken, mistake in ...		
loica	adj.	failing, short, inadequate		
loicarë	n.	mistaken action		
loico	n.	corpse, dead body		
loicolícuma	n.	corpse-candle		
loima	n.	mistake		
loiparë	n.	mistake in writing		
loiquetë	n.	mistake in speech		
loita-	v.	to miss, fail, fall short of (transitive)		
lomba	adj.	blind		deleted
lómë	n.	night, dimness, twilight, dusk, darkness		
lómëa	adj.	shadowed, gloomy		
lómelindë	n.	nightingale, (lit.) dusk-singer		
lomentie	n.	?away-journey, departure		
lóna	n.	(deep) pool, mere, river-feeding well		
londë	n.	(land-locked) haven		
londië	n.	harbourage		
lón(ë)	n.	deep pool, river-feeding well		
lónë	n.	*isle		
lopoldë	n.	rabbit		
lórë	n.	dream		
lós	n.	inflorescence, mass of flowers		
lossë¹	n. and adj.	snow, fallen snow; snow-white, snowy		
lossë²	n.	inflorescence (of white flowers)		
lossëa	adj.	snowy, (snow) white		
losta-	v.	to bloom		
lótë	n.	flower, single blossom		
Lótessë	n.	May, *(lit.) Flower-ness		
lotsë	n.	small (single) flower		
lottë	n.	small flower		
loxa	adj.	brown of hair		deleted
-lta	suf.	their		
-ltë	suf.	they		
-ltya	suf.	theirs		
lucando	n.	debtor, one who trespasses		
lucassë	n.	*debt, trespass		
lucië	n.	*debt, trespass		
lucindo	n.	*debtor, one who trespasses		
luhta-	v.	to bow		
luhta	n.	*debt, trespass		
luimë	n.	flood, floodwater, flooded land; flood tide, high tide		
luinë	adj.	blue	luini-	
luinincë	adj.	bluish	luininci-	
luita-	v.	to flood, inundate, drench		
lumba	adj.	gloomy		
lumbo	n.	cloud; gloom, dark, shade		
lumbulë	n.	dark shadow, heavy shadow; deep in shadow		
lúmë¹	n.	time, period of time, hour		
lúmë²	n.	darkness		
lúmequentalëa	adj.	historical		
lumincë	adv.	a little while		
lú(n)	n.	*deep pool		
lúna	adj.	*dark		
lunca	n.	heavy transport wain		
lungo	adj.	heavy	lungu-	
lungumaitë	adj.	heavy-handed		
luntë	n.	boat		
luppo	n.	clumsy piece or lump	luppu-	
luqua	n.	heavy transport wain		
lut-	v.	to float		
lúva	n.	bow (in forming tengwar), bight, bend, curve		
lúvo	adj.	greasy, fat	lúvu-	
-lva	suf.	our (inclusive)		
-lvë	suf.	we (inclusive)		
-lwa	suf.	our (inclusive)		
-lwë	suf.	we (inclusive)		
-lya¹	suf.	your (polite)		
-lya²	suf.	imperfect participle		
-l(yë)	suf.	you (polite)		
lye	pron.	you (polite)		
-ma	suf.	instrumental		
má	n.	hand		
ma¹	pron.	something, a thing; anything		
ma²	adv.	interrogative particle		
mac-	v.	to hew with a sword		
macar	n.	swordsman; †forger		
macil	n.	sword, forged sword blade, cutting sword		
mahalma	n.	throne		
mahta-	v.	to handle, wield, use, make use of; to manage, deal with, treat, control		
mahtë	n.	management		
mahtië	n.	management		
mai	adv.	well		
mai-¹	pref.	excellent, admirable		
mai-²	v.	to have, possess		deleted
Maia	n.	(angelic) spirit, the Beautiful		
maica¹	adj.	sharp, piercing		
maica²	n.	blade of a cutting tool or weapon (especially sword-blade)		
maina	n.	thing of excellence, treasure		
maira	adj.	admirable, excellent, precious, splendid, sublime		
mairë	n.	art, work of high and beautiful art, process of producing an art work		
mairëa	adj.	beautiful (of things made by art), *artistic		
mairia	adj.	beautiful (of things made by art)		
maita	adj.	hungry		
maita-	v.	to make with art, design, compose		
maitalë	n.	act of doing [artistic] work		
maitar	n.	artist; poet		
maitë	adj.	handy, skillful; having a hand, handed; shapely	maiti-	
maitya	?	[unglossed]		
maiwë	n.	gull		
Maiya	n.	(angelic) spirit		
mal	conj.	but		
malda¹	adj.	yellow, of golden colour		
maldorne	n.	golden/yellow tree		
málë	n.	good health		
málimë	n.	wrist, (lit.) hand-link	málimi-	
malina	adj.	yellow, of golden colour		
malinornë	n.	mallorn, (lit.) golden/yellow tree		
málo	n.	friend, comrade		
malsa	?	[unglossed]		
malta	n.	gold (metal), gold as material		
máma	n.	sheep		
mamil	n.	*mummy		
mammata-	v.	to gobble up; to go on eating, gorge oneself		
mamo	pron.	who, what person		
man	pron.	who		
mana	pron.	what		
mána	n.	blessing, good thing		
manaitë	adj.	*blessed, having grace		
manaquenta	adj.	*blessed		
mando	n.	custody, safe keeping; prison, duress		
manen	adv.	how		
manna	adj.	*blessed		
manta-	v.	to bless		
manya-	v.	to bless		
maqua	n.	hand-full, group of five (similar) things; hand (colloquial); closing or closed [hand] (facing down) for taking		
maquanotië	n.	decimal system		
maquet-	v.	*to question, ask		
mar-	v.	to abide, be settled or fixed, dwell		
már	n.	home, dwelling, habitation	mar-	
mára	adj.	good, proper		
máralë	n.	goodness		
mar(da)	n.	dwelling, (great) house, residence, mansion, a thing or place dwelt in, home	mard-	
márië	adv. and n.	well, happily; goodness, good estate, being well, happiness		
máriën	n.	goodness		
marta-	v.	to define, decree, destine		
martaman	n.	dwelling-house	martamn-	
martan	n.	dwelling-house	martam-	
marto	n.	tower		
massa	n.	bread		
massánië	n.	Lady, breadgiver		
massë¹	n.	bread		
massë²	n.	handful, portion, share, capacity; the personal measure or capacity of a man, a talent		
masta	n.	bread, cake, loaf		
mastima	adj.	edible		
mat-	v.	to eat		
mátengwië	n.	language of the hands		
mátima	adj.	edible		
matta	n.	food		
-matya	suf.	-eating		
maxë	n.	handiness		
maxo	n.	mire		
Máya	n.	angelic spirit		
-më	suf.	abstract noun		
me	pron.	us, we (exclusive)		
mecin	adv.	please		
mehtar	n.	warrior		
mel-	v.	to love		
méla	adj.	loving, affectionate		
mélamar	n.	(emotional) home		
melda	adj.	dear, beloved		
meldë	n.	*friend (f.)		
meldo	n.	friend, lover		
melehta	adj.	mighty		
melehtë	n.	might, power (inherent)		deleted
meletheldë	n.	love-sister		
meletya	adj.	mighty		
mélië	n.	*love, loving		
melima	adj.	loving, very affectionate		
melmë	n.	love (a particular case [between two people])		
melotorno	n.	love-brother		
melu	n.	honey		
melumatya	adj.	honey-eating		
melya-	v.	[unglossed]		
men	n.	way		
men-	v.	to go, proceed, move (generally); to come, arrive		
-men(d-)	suf.	a single action		
mendë	n.	*will, intent		
menel	n.	the heavens, firmament, sky		
meneldil	n.	astronomer, *(lit.) lover of the heavens		
menelluin	n.	cornflower (colour), *(lit.) sky-blue		
Menelya	n.	*Wednesday, Heavens-day		
menta	n.	sending, message		
menta-¹	v.	to send, cause to go (in a desired direction)		
menta-²	v.	have as object[ive], (in)tend, proceed, make for, go towards		
mentië	n.	passage, journey, direction of travel		
menya	pron.	*our (emphatic possessive exclusive)		
mer-	v.	to hope		
mestanyatsë	n.	suffixion		
meter	prep.	*for (the purpose of), towards the end		
métima	adj.	last, ultimate, final		
metta	n.	ending, end		
mette	?	*end		
Mettelairë	n.	August, *(lit.) End-summer		
Metterrívë	n.	January, *(lit.) End-winter		
mi	prep.	in		
mica	prep.	*among		
mici	prep.	among		
-mie	suf.	*noun ending		
miχa	adj.	sharp-pointed		
millë	n.	?ring		
mimíre	adj.	very beautiful		
mimírima	adj.	very beautiful		
min	num. card.	one		
mina	prep. and adv.	into		
mína	adj.	desiring to start, eager to go		
mína-	v.	to desire to go in some direction, wish to go to a place, make for it; to have some end in view		
minassë	n.	fort, city (with a citadel and central watch tower)		
minasurië	n.	enquiry, *research		
minaþurië	n.	enquiry		
mindë	n.	turret		
mindon	n.	(lofty) tower		
minquë	num. card.	eleven		
minquesta	fraction.	*one eleventh		
minquetyarmë	n.	accentuation		
minya	ordinal. and adj.	first; eminent, prominent		
miqu-	v.	to kiss		
miquelis	n.	(soft, sweet) kiss	miqueliss-	
míra	adj.	beautiful, lovely		
mírë	n. and adj.	jewel, gem, precious thing, treasure; precious	míri-	
mírëa	adj.	jewelled		
mírenel	n.	jewel-triad		
miriéla	adj.	?sparkling		deleted
mírima	adj.	very valuable, very precious, very lovely (of work of art only)		
mirröanwë	n.	incarnate		
miruvor	n.	special wine or cordial		
miruvórë	n.	mead, nectar, special wine or cordial, drink of the Elves, (lit.) precious juice		
mirwa	adj.	precious, valuable		
mirya	adj.	beautiful, lovely (of works of art only)		
mísë	adj.	(light) grey	*mísi-	
mista	adj.	grey		
mistë	n.	drizzle		
mitta	prep. and adv.	between		
mitta-	v.	to insert		
mittandë	n.	infixion, intrusion		
mittanya-	v.	*to lead (into), induce		
mittar(ë)	n.	*entering, entrance		
mixa	adj.	sharp-pointed		
-mma¹	suf.	our (exclusive dual)		
-mma²	suf.	our (exclusive)		
-mmë¹	suf.	we (exclusive dual)		
-mmë²	suf.	we (exclusive)		
-mmo	suf.	we (exclusive dual)		
-mo	suf.	agental suffix		
mo	pron.	one, anyone, someone, somebody		
moia-	v.	to labour, be afflicted		
mol-	v.	to labour		deleted
mól	n.	slave		
molda	adj.	big, large		deleted
mólë	n.	labour, *work		deleted
móna	n.	*womb		
mondo	n.	ox		
morë	adj. and n.	dark, black; darkness, night	mori-	
morimaitë	adj.	black-handed		
morna	adj.	black, dark; black of hair		
mornië	n.	darkness, blackness		
motto	n.	fen, marsh		
mulë	n.	meal		
mundo	n.	bull, ox		
mussë	adj.	soft		
-n¹	suf.	I		
-n²	suf.	dative suffix		
na	prep.	to, towards		
ná	interj.	yes, it is so, it is a fact		
ná-	v.	to be		
na-¹	pref.	plu-		
na-²	pref.	infinitive prefix		
nac-	v.	to hew, cut		
nacca	n.	narrows, defile, pass, cut		
nácë	interj.	it may be seeming, *qualified yes		
náha	adj.	narrow		
nahta-¹	v.	to slay; to hurt, injure, wound		
nahta-²	v.	to confine, oppress		
nahtana	adj.	*slain		
nahte	n.	wounding, wound		
nai	adv.	maybe; be it that, may it be that; perhaps, it may be, there is a chance or possibility		
nai-	pref.	ill, grievously, abominably		
naica	adj.	bitterly painful or grievous		
naicando	n.	*sinner		
naico	n.	*sinner		
naina	n.	upstream		
nainië	n.	lament		
naiqua-	v.	*to sin		
naiquet-	v.	to curse or blaspheme		
naira¹	adj.	dreadful, horrible, unendurable		
naira²	adj.	vast, wide, empty		
naitë	adj.	true		
naitië	adv.	indeed, truly		
nalda	adj.	bright, polished (of metal)		
nalta	n.	radiance, glittering reflection		
naltalma	n.	heliograph		
nam-	v.	to judge		
náma¹	n.	judgment or desire		
náma²	n.	thing		
namárië	interj.	farewell, (lit.) be well, let it be well (to you)		
námië	n.	single judgment or desire		
namma	n.	claw, talon		
namna	n.	statute		
námo¹	n.	person, somebody (unnamed)		
námo²	n.	judge		
nan-	pref.	back (again)		
nan	n.	valley, vale	nand-	
nanca	adj.	*hewn, slain		
nancar-	v.	to undo		
nanda¹	adj.	*back, rear		
nanda²	n.	vale (wide)		
nandë	n.	valley		
nan(do)	n.	(wide) valley, vale		
nanquer-	v.	*to turn back		deleted
nantul-	v.	to return, *come back		
nanwa¹	adj.	existing, actual (true)		
nanwa²	n.	(large) bowl		
nanwë	n.	ebb, lowtide		
nanwen-	v.	to return, go/come back		
napan-	v.	to add		
nápat	n.	thumb and index [fingers] as a pair		
nápo	n.	thumb, (lit.) picker		
nappa	n.	claw, talon		
náquet-	v.	to assent, agree (on fact); (lit.) to say ‘it is’		
nár	n.	fire (as an element)		
Nárië	n.	June, *Fire-ness		
Narquelië	n.	October, Sun-fading		
Narvinyë	n.	January, *New-fire		
narwa	adj.	ruddy, red of hair		deleted
nása	interj.	yes, it is so		
násan	interj.	*amen, (lit.) may it be so		
násië	interj.	*amen, (lit.) may it be so		
nasquë	n.	bondage, durance		
nassë	n.	nature, true-being; material; person, individual		
nat	n.	thing		
náto	interj.	it is that; *yes (emphatic)		
nattir-	v.	to look back		deleted
nattira-	v.	to despise		
nauca	adj.	stunted, shortened, dwarf(ed)		
nauco	n.	dwarf		
naucon	n.	Dwarf	naucond-	
naue	?	[unglossed]		
nauro	n.	werewolf, wolf (not wild wolves)		
nav-¹	v.	to judge, think [have as an opinion]		
nav-²	v.	to try		
náva¹	adj.	hollow		
náva²	n.	*mouth (including tongue, lips and teeth), speech apparatus		
náva-tengwë	n.	consonant		
návë	n.	being		
návëa	n. and adj.	consonant, *consonantal		
naxa¹	n.	bond, fetter		
naxa²	adj. and n.	evil		
-nca	suf.	your (plural familiar)		
-ncë	suf.	you (plural familiar)		
-ndacil	suf.	-victor, -slayer		
-ndë	suf.	feminine agent		
-(n)dil	suf.	-friend, -lover; devotion, disinterested love		
-ndo	suf.	(masculine) agent		
-ndon	suf.	-like, -ily		deleted
-ndor	suf.	land, country		
-(n)duinë	suf.	(large) river		
-(n)dur	suf.	servant; to serve		
né	adv.	ago, behind (earlier time); yes (it was so)		
nëa	adv.	once, at one time		
nec-	pref.	without		
néca	adj.	pale, vague, faint, dim to see		
neccë	n.	angle		
necel	n.	thorn		
nef-	v.	to breathe (air)		
nefítë	adj.	air-breathing		
nehta-	v.	to deprive		
nehtano	n.	one deprived, exile whose rights and goods have been confiscated		
nehtar	n.	slayer		
nehtë¹	n.	spearhead, gore, wedge, narrow promontory; angle		
nehtë²	n.	honey		
neldë	num. card.	three		
neldëa	num. ord.	third		
nel(d)esta	fraction.	one third		
nelquë	num. card.	*thirteen		
nelquëa	num. ord.	*thirteenth		
nelsat	fraction.	one third		
nelta	fraction.	one third		
nelya	num. ord.	third		
nelya-	v.	to thicken, congeal		deleted
nem-¹	v.	to judge		deleted
nem-²	v.	*to seem, appear		
nemesta	n.	appearance, seeming		
-nen	suf.	instrumental		
nén	n.	water	nen-	
néna	adj.	wet		
nenda	adj.	wet		
nendë	n.	lake		
nendil	n.	beast that lives in the water		
Nénimë	n.	February, *Wet-ness		
nenya	adj.	wet		
nér	n.	man, male person (of any kindred: elf, human or dwarf)	ner-	
nerca	adj.	sharp, angular		
nercë	n.	little man		
nerdo	n.	large, strong man		
ne(re)sta	fraction.	one ninth		
nernehta	n.	man-spearhead		
nersat	fraction.	one ninth		
nertë	num. card.	nine		
nertëa	num. ord.	ninth		
nésa	n.	sister		
nessamelda	n.	species of tree in Númenor, (lit.) beloved of Nessa		
net(ë)	n.	one more beyond (the middle)		
neterquë	num. card.	nineteen		
neterquëa	num. ord.	nineteenth		
netil	n.	trinket, (?small thing) of personal adornment		
nettë	n.	(little) girl, sister (diminutive), daughter, pretty little thing		
netya	adj.	pretty, dainty		
netya-	v.	to trim, adorn		
nev-	v.	to try		
nexa	adj.	sharp, angular		
néya	adv.	once, at one time		
-ngë	suf.	we (inclusive dual)		
-ngo	suf.	we (inclusive dual)		
-ngwa	suf.	our (inclusive dual)		
-ngwë	suf.	we (inclusive dual)		
ni	pron.	me, I		
ní	prep.	beneath, not touching, under		
níca	adj.	small		
nícë	n.	little finger		
nicu-	v.	to be chill, cold, freeze (of weather), snow		
nieninquë	n.	snowdrop		
nieninquëa	adj.	like a snowdrop		
nihtil	n.	little [finger]		
-nil	suf.	-friend, -lover		
nil-	v.	to love, *have special concern/care/interest for		
nílë	n.	a special concern with or love for	níli-	
nillë¹	n.	silver glint; Valinorian imagines [images of real stars]		
nillë²	n.	small [woman]	nill-	
nilmë	n.	love, concern for things other than self for their own sakes		
níma	n.	phantom, (lit.) a seeming		
nimpa	adj.	drooping, ailing		
nimulë	n.	phantom, (lit.) a seeming		
ninda	adj.	wet		
ninquë	adj.	white; chill, cold; pallid	ninqui-	
ninquita-	v.	to whiten, grow white		
nípa	adj.	small (usually with connotation of weakness)		
niqu-	v.	to be chill, cold, freeze (of weather), snow		
niquë	n.	cold		
niquessë	n.	frost-patterns; snowflake, ice-flake; (lit.) chill feather		
niquis	n.	snowflake, ice-flake; petal (loose) of a white flower; frost-patterns	niquiss-	
nir-	v.	to press, urge, thrust, force (in a given direction)		
níra	n.	will (as a potential or faculty), individual will (in potential)		
nírë	n.	force		
nírítë	adj.	forceful, exerting great thrust or pressure, driving		
nirmë	n.	act of will, exercise of will		
nis-	v.	*to smell sweetly		
nís	n.	woman (of any kindred: elf, human or dwarf)	niss-	
nísima	adj.	fragrant		
nissë	n.	woman		
nisto	n.	large woman		
nitya	adj.	little		
níva	?	[unglossed]		
nixë	n.	frost; ice-flake or snow-flake		
-nna	suf.	(movement) to, towards, onto, at (arriving at a point); allative suffix		
nó¹	prep. and conj.	before (of time); at back (of place)		
nó²	conj.	but		
nöa	adj. and n.	former; yesterday; tomorrow		
noirë	n.	tomb		
nólë	n.	lore, knowledge, long study		
nolmë	n.	knowledge, philosophy (including science), department of wisdom (science, etc.)		
nolmo	n.	wise person		
nolya	adj.	dark-haired		
nómë	n.	place		
nómessë	n.	place-name		
nóna	adj.	born		
nonda	n.	hand especially in (?clutching)		
nonwë	n.	calculation, sum		deleted
-nor	suf.	land, country		
nór	n.	land	nor-	
nor-¹	v.	to run (or leap, of animals or men)		
nor-²	pref.	fear		deleted
nordo	n.	oak		
nórë	n.	land, country; †people, race, tribe		
norië	n.	race, running		
norima	adj.	strong/swift at running, swiftly running a course		
normë	n.	race, running		
norna	adj.	tough, stiff; hard, firm, resistant; thrawn, obdurate		
Norno	n.	Dwarf		
norno	n.	oak		
noroitë	adj.	(capable of) running	noroiti-	
norolinda	adj.	*tripping lightly		
norta-	v.	to ride, [lit.] make run (specially used of riding horses or other animals)		
nortil	n.	cape (of land)		
nos(së)	n.	kindred, family		
nosta-	v.	to beget, be begotten		
nostar	n.	parent, begetter		
not-	v.	to count		
notessë	n.	numeral		
nótië	n.	*counting		
nótima	adj.	countable, limited in number (weight and measure); (colloquial) moderate in amount, some, few, several		
-nqua	suf.	our (inclusive dual)		
-nquë	suf.	thou-and-I (dual)		
-nta¹	suf.	their		
-nta²	suf.	they (neuter)		
-ntë	suf.	they		
-ntya	suf.	theirs		
-ntyë	suf.	you (plural familiar)		deleted
nu	prep.	under, beneath		
nú-	pref.	going down, setting (of sun), west		
nuhta-	v.	to stunt, prevent from coming to completion, stop short, not allow to continue		
nuinë	suf.	river		deleted
núla¹	adj.	dark, occult, mysterious		
núla²	prep.	under [beyond]		deleted
núlë	n.	black arts, sorcery		
numba	adj.	bent, humped		
númë	n.	west		
númen	n.	west, direction or region of the sunset, occident, (lit.) going down		
núna	adj.	western		
nunna	adv.	down[wards]		
nuquerna	adj.	reversed, inverted, *(lit.) under-turned		
-nur	suf.	-servant		
nurru-	v.	to murmur, grumble, mumble		
nurta-	v.	to hide		
nurtalë	n.	hiding		
núta-	v.	to lower		
nútaite	adj.	*(naturally) lowering, ?degrading	nútaiti-	
nútil	n.	under-point	nútill-	
nútima	adj.	*lowerable		
nuxo	n.	Petty dwarf		
núya-	v.	to descend		
-nwa	suf.	passive suffix; active participle (intransitive verbs)		
nwalmë	n.	torment		
nwámë	n.	wolvish howling		
nwar-	v.	to fret, wear away		
-nwë	suf.	we (exclusive dual)		
-nya	suf.	my		
nyar-	v.	to relate, recite		
nyárë	n.	history, account		
nyarna	n.	long epic tale, story, legend		
nyarnamaitar	n.	storyteller, composer of long epic tales		
-n(yë)	suf.	I		
nyellë	n.	small bell		
-o	suf.	of; genitive ending		
o	prep.	from		
o-	pref.	together		
ó	prep.	[together] with		
öa	adv.	away (of movement)		
öa-	v.	to possess, own, keep		
öar	adv.	(towards) away		
ócama-	v.	*to have mercy		deleted
ócom-	v.	to gather, assemble		
(o)combë	n.	gathering, assembly, assemblage, collection		
ohlon	n.	diphthong		
oholima	adj.	confidential		
ohta	n.	war		
ohtar	n.	warrior		
oi	adv.	ever, everlastingly		
oia(la)	adj.	everlasting, unceasing, without end, for ever		
oialë	n. and adv.	forever; everlastingly, eternally, in eternity		
oialëa	adj.	eternal		
oiavë	adv.	everlastingly		
oi(o)	adv. and n.	ever, everlastingly; an endless period		
oiolairë	n.	ever-summer (a species of tree)		
ola-	v.	to become		
óla-	v.	to dream (impersonal)		
ólama	n.	consonant		
ólamaitë	adj.	consonantal		
olass(i)ë	n.	foliage, collection of leaves		
olba	n.	branch		
olca	adj.	bad, wicked		
olië	n.	company, people together		
olla	prep.	over [beyond]		deleted
ollë	adj.	*other one		deleted
ollo	prep.	away from		
olmen	n.	growth-year	olmend-	
olmië	n.	growth		
oloirë	n.	great flood		
oloiya-	v.	to inundate, flood		
olor	n.	dream, vision		
olos¹	n.	inflorescence, mass of flowers (on one plant)	olós-	
olos²	n.	dream, vision	olor-	
olosta	adj.	dreamy		
olótë	n.	bloom, the flowers collectively of a single plant		
olva	n.	plant, growing things with roots in the earth		
óma	n.	voice, resonance of the vocal chords, vowel		
óman	n.	vowel	omand-	deleted
ómatailë	n.	vowel lengthening		
ómataima	n.	vocalic extension		
ómataina	n.	vocalic extension		
ómatehta	n.	vowel-sign		
óma-tengwë	n.	vowel-sign		
ombari	n.	company, dwellers together		
ómëa	n. and adj.	vowel		
omen-	v.	to move to a common point, meet		
omentië	n.	meeting (of pathways), (lit.) coming together of journey-path, meeting or junction of the directions of two people		
-on¹	suf.	masculine suffix		
-on²	suf.	augmentative, great		
ondo	n.	stone (as a material), (large mass of) rock		
ondolunca	n.	stonewain		
ondomaitar	n.	sculptor in stone		
ondórëa	adj.	hard-hearted, pitiless		
onë	conj.	but		
ongwë	n.	crime		
onna	n.	child		
ono	conj.	but		
onóna	adj. and n.	twin-born; one of a pair of twins		
onot-	v.	*to count up, reckon		
onótië	n.	*reckoning		
onótimo	n.	*reckoner		
onta-	v.	to beget		
ontalë	n.	descent		
ontamo	n.	mason (sculptor)		
ontari(l)	n.	*mother, (lit.) genetrix		
ontavalië	n.	puberty, *(lit.) able to beget		
onwë	n.	child		
onya	n.	my child		
ópa	n.	mouth (opening of which the lips are the edges)		
opo	prep.	in front (of place), before; after (of time)		
or	prep.	above		
or-	v.	to warn, urge, feel an urge/wish/desire		
ora-	v.	to warn, urge, feel an urge/wish/desire		
órava-	v.	*to have mercy		
orco	n.	Orc		
orda	adj.	profound		
órë	n.	heart (inner mind); warning, caution, (pre)monition		
óricuvoitë	adj.	uncommunicative, keeping one’s own counsel (not necessarily sinister)		
orma	n.	(physical) matter		
ormo	n.	riser		
orna	adj.	high, lofty		
ornë	n.	(tall) tree		
ornemalin	n.	[tree] bearing yellow flowers		
ornendur	n.	tree-keep, forester, woodsman		
oro	n.	mount, mountain, hill		
oro-	pref.	up, aloft		
oroman	n.	mountain dweller	oromand-	
oromar	n.	lofty hall, high-mansion, high (lofty) dwelling	oromard-	
oron	n.	mountain	oront-	
orotinga	n.	mountain-top		
orró-	pref.	uprising, sunrise, east		
orróna	adj.	eastern		
orta-¹	v.	to raise, lift (up), (lit.) cause to rise		
orta-²	v.	to rise		
ortil	n.	up-point	ortill-	
ortírië	n.	*patronage, (lit.) watching over (from above)		
orto	n.	mount, mountain, hill		
orwa	adj.	high, lofty		
orya-¹	v.	to rise		
orya-²	v.	*to raise		
oryandë	n.	arising		
ósanwë	n.	communication of thought, interchange of thought; (lit.) thinking together (dual)		
osco	num. card.	seven		
ostimë	n.	blend		
osto	n.	fortress, stronghold, strong place		
otoquë	num. card.	seventeen		
otos	num. card.	seven		
o(to)sta	fraction.	one seventh		
otsat	fraction.	one seventh		
otsëa	num. ord.	seventh		
otso	num. card.	seven		
ovéa	adj.	(con)similar, alike		
pá	prep.	touching, against, on (above but touching); as regards, concerning		
pahta¹	adj.	closed, shut, private		
pahta²	n.	speech		
pakta-	v.	to speak, talk (intransitive)		
palan	adj. and adv.	far (and wide), afar, distant		
palantímië	n.	telepathy		
palantir-	v.	to watch/look afar		
palantír	n.	far-gazer, far-seer, (lit.) that which looks far away		
palanyantië	n.	telepathy		
palda	adj.	wide, broad		
palla	prep. and adv.	far beyond		
palta	n.	flat of the hand		
palta-	v.	to feel with the hand, stroke		
pan	conj.	*since		deleted
pan-	v.	*to arrange, set in order		
par-	v.	to learn		
parca	adj.	naked (of persons)		
parma	n.	book, writing, composition, written document of some size		
parmahenta-	v.	*to read		
parmahentië	n.	(book) reading		
parma-resta	n.	*book-fair		
parmatéma	n.	p-series		
parna	adj.	bare		
parnë	adj.	bald, bare, naked		
pas-	v.	to smooth		
passa	adj.	smooth, glabrous		
pasta	adj.	smooth(ed), sleek, glabrous		
pasta-	v.	to smooth, iron		
pata-	v.	to walk		
pataca	n.	consonant		
patta	adj.	smoothed, sleek		
páva	n.	mouth		
pávatengwë	n.	consonant		
pé	n.	(closed) mouth; lip		
pecco	n.	nut		
peccuvo	n.	squirrel, (lit.) nut-hider		
pel-	v.	to go round, encircle		
pella	prep. and adv.	beyond (boundary or limit)		
pelma	n.	border, fringe, edge, limiting device		
pelo	n.	boundary (fence)		
peltas	n.	fence of fixed stakes, a ‘pale’	peltax-	
pempë	n.	lip		
pen	prep.	without, not having		deleted
pen-	v.	not to have		
penda	adj.	sloping down, (steeply) inclined		
penda-	v.	to slope, incline		
pendë	n.	steep incline, hill side		
penga-	v.	to pout		
penna	n.	vowel; (orig.) lacking		
penquanta	adj.	full to the brim, with mouth full		
penya	adj.	lacking, inadequate		
per-	pref.	half		
peresta	fraction.	one half		
Perian	n.	Halfling	Periand-	
perta	fraction.	one half		
pí	n.	small insect, fly		
pia	adj.	little		
pic-	v.	to lessen, dwindle, wane		
picina	adj.	little		
pilinehtar	n.	a reed-like plant, (lit.) ?arrow thorn		
pincë	adj.	little		
pirë	n.	toe		
pirindë	n.	flower that opened and shut quickly with any change of light		
pirnë	n.	flower that opened and shut quickly with any change of light		
pirucendëa	adj.	on the point of her toes		
pitya	adj.	petty, little		
pó	prep.	before, in front (of place); after (of time)		
pol-	v.	can, to be (physically) able to		
polda	adj.	big		
polë	n.	meal, grist	poli-	
póna	adv.	forward		
pono	prep.	in front (of place)		
potai	conj.	*therefore, (lit.) before which		
poto	prep.	in front (of place)		
psar-	v.	to rub		
púlima	adj.	pourable, liquid		
pupso	n.	large fly		
púrëa	adj.	smeared, discoloured, bleared		
quácë	n.	frog		
quáco	n.	crow		
quaican	num. card.	*fourteen		
quailepen	num. card.	*fifteen		
quain	num. card.	ten		
quainëa	num. ord.	tenth		
quainel	num. card.	*thirteen		
quainque	num. card.	*sixteen		
qual-	v.	to die		
quanta	adj.	full, filled		
quanta-	v.	to fill		
quantemma	n.	facsimile, *(lit.) full-picture		
quantolië	n.	maturity		
quár(ë)	n.	fist, closed hand		
quat-	v.	to fill		
quëa	n.	vegetable		
quëan	num. card.	ten		
quel-	v.	to fade		
quelië	n.	*fading		
quellë	n.	late autumn and early winter, (lit.) fading		
quén	n. and pron.	person, individual, man or woman; one, somebody	quen-	
Quendë	n.	Elf, (lit.) One That Speaks		
Quenderin	adj. and n.	Quendian, of the Quendi, belonging to the Elves as a whole		
quendi	n.	female Elf		
quendu	n.	male Elf		
Quendya	n.	Elvish		
quenelya	adj.	of the Elves		
quenna	n.	saying, proverb		deleted
quenso	n.	minstrel, reciter		
quenta	n.	story, narrative, account, history		
quentalë	n.	history, narration		
quentaro	n.	speaker, reciter		
quentasta	n.	historical account		
Quenya	n.	Elvish, High-elven, Elf-latin, †speech		
Quenyarin	adj.	*of Quenya		
quer-	v.	to turn		
queren	n.	pivot, revolving centre	querend-	
querma	n.	spinning wheel, turn-table		
querna	adj.	*turned		
quessë	n.	feather		
quessetéma	n.	kw-series		
questa	n.	speech, language		
quet-	v.	to say, speak, tell		
quetië	n.	words		
quétima	adj.	speakable, pronounceable, *able to be said		
quetta	n.	word		
qui	conj.	if		
quië	adv.	whenever		
quín(ë)	n.	crest, ridge		
quinna	adj.	crested		
quiquië	adv.	whenever		
quista-	v.	to suppose		
quí(ta)	conj.	if		
-r¹	suf.	plural suffix		
-r²	suf.	motion to or towards a point		
rá¹	n.	lion	ráv-	
rá²	prep.	*for, on behalf of		
rac-	v.	to break		
racina	adj.	stripped, deprived		
rácina	adj.	broken		
raf-	v.	to wave, brandish		
raica	adj.	crooked		
raima	n.	net		
raina¹	adj.	netted, enlaced, caught in a net		
raina²	adj.	smiling, gracious, sweet-faced		
rainë	n.	*peace, good will		
raita-¹	v.	to make network or lace; to catch in a net		
raita-²	v.	to smile		
raiwë	n.	lace		
ral-	v.	*to return		
ráma	n.	wing		
ráman	n.	great ship for sailing on the Great Sea	rámand-	
rámannerte	n.	ship-ennead		
ramba	n.	wall		
Rána	n.	Moon, (lit.) Wayward		
ránasta	n.	lunar month		
ranga	n.	yard, full pace		
rantala	n.	ladder		
ranya	n.	erratic wandering		
ras-	v.	to stick out		
rasillo	n.	squirrel		
rassë	n.	horn		
ráta-	v.	to excel, surpass		
ratta	n.	track		
rauca	n.	demon		
rauco	n.	demon, powerful hostile and terrible creature		
raumo	n.	(noise of a) storm		
rauro	n.	lion		
ráva	adj.	free, unfettered, uncontrolled, lawless		
rávë	n.	roaring noise		
rávëa	adj.	roaring		
raxa	n.	wain, *wagon		
raxë	n.	*danger		
-rë	suf.	abstract noun		
ré	n.	day (period from sunset to sunset)		
rëa-	v.	to make network or lace		
rëa	adj.	single		
rehta-	v.	to rescue, save		
rehtië	n.	rescue, saving		
rem-	v.	to snare		
remba-	v.	to net, entrap		
rembë	n.	mesh; net (for catching), hunter’s or fisher’s net		
rembina	adj.	entangled; meshed, netted, woven		
remma	n.	snare		
resta	n.	sown field, tilled ground, acre; *fair		
retto	n.	*climber		
ría	n.	wreath, garland		
ric-¹	v.	to try, put forth effort, strive, endeavour		
ric-²	v.	to twist		
rië¹	n.	garland		
rië²	adv.	only		
riel(lë)	n.	garlanded maiden, maiden crowned with a festive garland		
riendë	n.	garland		
rihta-	v.	to strive		
ríma	n.	fillet, snood		
rimbë	n.	host, great number		
-rin	suf.	-ian, racial-adjective, language		
rína	adj.	garlanded, crowned		
rindë	adj.	swift		
ringa	adj.	cold		
Ringarë	n.	December, *Coldness		
rista-	v.	*to cut		
-r(o)	suf.	agental suffix		
ro-	pref.	uprising, sunrise, east		
ró	adv.	the[?] [?next]		
röa	n.	dog		
rocco	n.	horse		
rocindë	n.	*debtor, one who trespasses		
rohta	n.	*debt, trespass		
rohtalië	n.	*debtors, trespassers, (lit.) debt/trespass people		
róma	n.	horn		
romba	n.	horn, trumpet		
róme	n.	east		
rómen	n.	east, uprising, sunrise		
róna	adj.	east		
ronda	adj.	solid, firm		
rondo¹	n.	vaulted or arched roof, vaulted hall		
rondo²	n.	staff (of hardwood)		deleted
ron(go)	adv.	soon		
roquen	n.	horseman, rider; knight		
rossë	n.	rain; foam		
rotto	n.	small grot, tunnel		
ru-	pref.	evil-		
ruc-	v.	to feel fear or horror; *to flee (to)		
rúcare	n.	evil-doing		
rúcima	adj.	terrible		
rúcina	adj.	confused, shattered, disordered, ruined		
ruhta-	v.	to terrify		
ruimen	n.	fireplace, hearth		
ruina	adj.	blazing, fiery		
ruinë	n.	fire, blaze		
ruivë	n.	wild fire		
rum-	v.	to shift, move, heave (of large and heavy things)		
rúna-	v.	to free		
runando	n.	*redeemer		
runda	adj.	smooth, polished		
runya	adj.	fiery red		
rúnya	n.	red flame		
rusca¹	adj.	red-brown		deleted
rusca²	adj.	wroth		
rusco	n.	fox	ruscu-	
ruscuitë	adj.	foxy		
rúsë	n.	wrath		
rúsëa	adj.	wrathful		
russa	adj.	red-haired		
russë	n.	head or pelt of red hair		
ruxa	adj.	wroth		
ruxa-	v.	to crumble		
ruxotompalë	n.	Great Bear-dance		
-rya¹	suf.	his, her, its		
-rya²	suf.	their (colloquial)		
-s	suf.	he, she, it		
sá	interj. and adv.	very good, all right, I will, I agree of course, of course I do		
sa¹	pron. and conj.	it (inanimate)		
sa²	pron. and conj.	that [anaphoric]		
sa³	pron.	them, they (inanimate)		
sac-	v.	to close		
sahta	adj.	marred		
sahta-	v.	to induce		
sahtië	n.	pressure or force (to do something against one’s will or conscience)		
saila	adj.	wise		
sal-	v.	[unglossed]		
sam-	v.	to have		
sáma	n.	mind		
samna	n.	delved hole, pit		deleted
sámo	n.	helper		
sampanë	n.	combination		
san	conj. and adv.	*then, so, thus		
sana-	v.	*to think, reflect		
sanar	n.	mind, thinker, reflector		
sanda	n.	shield		
sandastan	n.	shield-barrier	sandastam-	
sánë	n.	pine	sáni-	deleted
sanga	n.	throng, press, pressure		
sangië	n.	necessity, *pressing need or concern		
san na	interj.	*amen, (lit.) may it be so		
sanomë	adv.	there		
sanwë	n.	thought, an act of thinking		
sanwecenda	n.	thought-inspection, thought-reading		
sanwë-latya	n.	thought-opening		
sanwementa	n.	thought-sending, mental message		
sáquet-	v.	I will, to agree (to do); (lit.) to say ‘yes’		
sar	n.	stone (small)	sarn-	
sára	adj.	*bitter		
sarat	n.	letter (of the Rúmilian alphabet)		
sarda	adj.	hard (*as stone)		
sarë	n.	ford		
sarmë	n.	writing		
sarnië	n.	shingle, pebble bank		
sarta	adj.	steadfast, trusty, loyal		
sarto	n.	trusty follower, loyal companion		
sat-	v.	to set aside, appropriate to a special purpose or owner		
satar	n.	trusty follower, loyal companion		
satya	adj.	private, separate, not common, excluded		
sau-	pref.	very badly		
saucarë	n.	doing or making a thing very badly		
saucarya	adj.	evil-doing		
saura	adj.	cruel, evil, vile; stinking, foul; bad, unhealthy, ill, wretched		
sav-	v.	to believe		
-së	suf.	he, she, it		
se¹	pron.	him, her; he, she, it (animate)		
se²	prep.	at, in		
seldë	n.	daughter		
selma	n.	fixed idea, will		
sélo	?	[unglossed]		
seltil	n.	daughter [finger name]		
selyë	n.	daughter (diminutive)		
sén	n.	child		
sen-	v.	to let loose, free, let go		
senna	adj.	short		
senta	adj.	short		
senwa	adj.	usual		
senya¹	adj.	usual		
senya²	n.	*my child		
ser-	v.	*to sew		
sercë	n.	blood	serki-	
sercilixa	adj.	blood-thirsty		
sérë	n.	*peace		deleted
serindë	n.	broideress, needlewoman, *seamstress		
sí	adv.	now		
si¹	pron.	this, here		
siar(ë)	n. and adv.	*today, this day		
sië	adv.	thus		
sil-	v.	to shine (white)		
silima	n.	crystal substance devised by Fëanor		
sillë	adv.	like this		
silma	n. and adj.	crystal (white)		
silmë	n.	starlight		
silmë nuquerna	n.	s-reversed		
silo	adv.	hence		
silumë	adv.	now, (lit.) at this time		
síma	n.	imagination, mind		
simen	adv.	hither		
simo	pron.	*this person		
sin¹	adv.	*this much		
sina	adj. and pron.	this		
sinar	n. and adv.	today		deleted
sinca	n. and adj.	flint		
sincahonda	adj.	flint-hearted		
sinda	adj.	grey		
Sindarin	n.	Grey-elven		
sindë	adj.	grey, pale or silvery grey	sindi-	
Sindel	n.	Grey-elf	Sindeld-	
sindië	n.	greyness		
sinen	adv.	by this means, so		
sinomë	adv.	here, (lit.) in this place		
sintamo	n.	smith		
sinwa	adj.	known, certain, ascertained		
sio	adv.	hence		
sír	adv.	now		
sir(a)	adv.	hither		
síra	n. and adv.	*today, this day		
sír(ë)	n.	river	síri-	
sirya-	v.	to flow		
sís	adv.	here		
sisíla-	v.	to shine (frequentative)		
sissë	adv.	here		
sítë	adj.	of this sort		
sívë¹	prep.	*as		
sívë²	n.	peace		
sívë³	n.	knowing, knowledge		
söa	n.	filth		
soica	adj.	thirsty		
sól	n.	?helmet, ?top		
sóla	?	[unglossed]		
solma¹	n.	?helmet, ?top		
solma²	n.	hall, chamber		
solos	n.	?helmet, ?top		
songa	n.	mouth (interior cavity behind the teeth containing the tongue)		
sorna	adj.	steadfast		
sorno	n.	eagle		
soron	n.	eagle	sorn-	
-ssa	suf.	his, her, its		
-s(sa)	suf.	3rd person singular neuter		
-s(së)	suf.	he, she, it; him, her, it		
-ssë¹	suf.	locative ending		
-ssë²	suf.	abstract noun		
-ssë³	suf.	himself, *herself, itself		
-sta¹	suf.	land, *part		
-sta²	suf.	verbal noun suffix		
-sta³	suf.	your (dual)		
-sta⁴	suf.	their (dual)		
-s(të)	suf.	3rd person singular animate		
-stë¹	suf.	you (dual)		
-stë²	suf.	they (dual)		
-stir	suf.	face		
-sto	suf.	they (dual)		
sú	n.	sound of wind		
súlë	n.	breath; (movement of) spirit, emission of power (of will or desire)		
Súlimë	n.	March, *Windy-one		
súma	n.	hollow cavity, bosom		
sundo	n.	base, root, root-word		
sundóma	n.	determinant vowel, root-vowel		
sur-	v.	*to seek		
súrë	n.	wind, breeze	súri-	
surië	n.	*(an act of) seeking		
súriquessë	n.	species of grass, (lit.) wind feather		
surya-	v.	to blow (intr.)		
sussë	n.	puff (of air)		
susta-	v.	to blow (tr.)		
súta-	v.	to blow (tr.)		
-t¹	suf.	dual ending		
-t²	suf.	they (object suffix)		
-t³	suf.	you (familiar)		
-ta	suf.	causative verb suffix		
tá	adv.	then		
ta¹	pron.	that, there		
ta²	pron.	them, they  (inanimate)		
ta³	adv. and conj.	so, like that, also; and also, then; etcetera		
tai¹	pron.	them, they (inanimate)		
tai²	conj.	that which, what		
tai³	adv.	then		
tailë	n.	lengthening		
taima	n.	extension		
taina¹	adj.	stretched, elongated		
taina²	n.	extension		
taitë	adj.	of that sort		
tál	n.	foot	tal-	
talan	n.	flat space, platform	talam-	
talca	n.	post, mark		
tal(da)	adv.	to the bottom		
tallë	adv.	like that, *in that way		
talma¹	n.	basis		
talma²	n.	flat space, platform		
talo	adv.	thence		
talta	adj.	tottering, unsteady		
talta-	v.	to slip, slide down, collapse, fall		
taltil	n.	toe, *(lit.) foot-tip	taltill-	
taltol	n.	big toe		
talumë	adv.	at that time		
tama	pron.	that matter		
taman	n.	thing made by handicraft		
tambë	prep.	*as, so		
tamen	adv.	thither		
tamma	n.	tool		
tamna	adj. and n.	artificial; artifact		
tamo¹	n.	smith, builder, wright, artificer		
tamo²	pron.	*that person		
tana	adj. and pron.	that		
tana-	v.	to show, indicate		
tancal(a)	n.	brooch, clasp		
tancarya-	v.	*to become firm		
tancata-	v.	to make firm, fix, confirm		
tanen	adv.	in that way		
taniquelassë	n.	*high-white-leaf		
tanna¹	n.	sign, token		
tanna²	adv.	thither		
tanomë	adv.	there, (lit.) in the place (referred to)		
tanta-	v.	to play a harp		
tant(il)a	n.	harp		
tanwa	n.	sign, token		
tapta	adj.	impeded		
-tar	suf.	honorific		
tar	n.	honorific, sir, madam		
tar-¹	affix.	high		
tar-²	v.	to stand		
tar(a)	adv.	thither		
tára¹	adj.	lofty, tall, high		
tára²	adj.	wise		
taras	n.	a great towering building (fort/city/castle), tower		
tarhanwa	n.	throne, (lit.) high seat		
tári	n.	queen		
tárië	n.	height		
Tárion	n.	alternate name of the last day of the Eldarin six-day week		
táris(së)	n.	queenship		
tarma	n.	pillar		
tarminas	n.	great towering building (fort/city/castle), tower		
tás	adv.	there		
tasar(ë)	n.	willow	tasari-	
tassa	n.	index finger		
tassë	adv.	there		
tastil	n.	*index finger		
tata	n.	*daddy		
tatya	num. ord.	second		
tauca	adj.	stiff, wooden		
taura	adj.	(very) mighty, masterful; vast, of unmeasured might or size		
taurë	n.	forest, (great) wood		
taurëa	adj.	forested		
tautamo	n.	carpenter, [wood] carver		
tav-	v.	*to endure		
táva	n.	great tree		
te	pron.	them, they		
tëa-	v.	to indicate		
tecil	n.	pen		
tehta	n.	(written) mark, sign, symbol, †written letter		
tel-	v.	to end, finish (intr.)		
telco	n.	leg; stem	?telcu-	
telconta-	v.	to stride, *(lit.) to leg it		
telda	adj.	last, final		
telepta	adj.	silver		
telluma	n.	dome, cupola, vault		
telma	n.	conclusion, anything used to finish off a work or affair		
telpë	n.	silver		
telperin	adj.	like silver (in hue or worth)		
telpina	adj.	like silver (in hue or worth)		
telu	adj.	last		
telumë	n.	roof, canopy; heaven, sky		
telya-	v.	to finish, wind up, conclude (trans.)		
téma	n.	series		
ten-	v.	to arrive, come to		deleted
tengwa	n.	(written) letter; sign, token, indicator		
tengwa-	v.	to read written matter		
tengwacilmë	n.	spelling		
tengwassë	n.	alphabet		
tengwë	n.	sign, token, indication; writing		
tengwelë	n.	language (general term)		
tengwesta	n.	grammar, morphology, system or code of signs, collection of matter concerning writing, *language structure		
tengwestië	n.	language [as a concept]		
tengwië	n.	reading; language (*signing)		
tenna¹	prep.	until, up to, as far as, to the point, to reach		
tenna²	n.	letter (epistola)		deleted
tenna³	n.	thought, notion, idea		
tennoio	adv.	forever		
tensi	adv.	already, still, up to now/here; yet [from present]		
tenta	adv.	still, yet [past]		
tenta-	v.	to point (to/out), indicate; to direct toward, be directed toward; to go forth towards (with object)		
tenya-	v.	to arrive, end (not at speaker’s[?] place)		
tér	prep.	*so		
ter	prep.	through		
tercáno	n.	herald		
tercen	n.	insight, *(lit.) through-sight		
tercenya	adj.	of insight, *perceptive		
terfantië	n.	*temptation		deleted
termar-	v.	to stand, *endure, last, (lit.) through-abide		
terpellië	n.	*temptation		
thar-	v.	[unglossed]		
-tië	suf.	verbal suffix		deleted
tië	n.	path, road, way, line		
tier	prep.	*so		
tihta-	v.	to blink, peer		
tildë	n.	a fine sharp point		
tillë	n.	tip, point; [within compounds] finger, toe		
tilma	n.	point		
-tima	suf.	*-able		
tin-	v.	to spark, glitter		
tinco	n.	metal		
tincotéma	n.	t-series		
tindómë	n.	(starry) twilight, (usually) time near dawn		
tinga-	v.	to go (for a long while)		
tinta-	v.	to kindle, cause to spark		
tintila-	v.	to twinkle, sparkle, glitter, give tremulous light, †tremble		
tinwë	n.	spark, [apparent] star		
tir-	v.	to watch (over), guard, heed; to look (at), gaze, observe		
tirila	adj.	watching (something)		
tírima	adj.	able to be watched, observable		
tirion	n.	watch-tower		
tirítë	adj.	watchful, vigilant	tiríti-	
tirmo	n.	watcher		
tó	adv.	thence		
to	prep.	on, above; for		
töa	n.	wood (as material)		
toina	adj.	wood		
tol	n.	island, (steep) isle	toll-	
tolbo	n.	big toe; stump, stub; thumb		
toldëa	num. ord.	eighth		
toldo	num. card.	eight		
tollë¹	n.	island, (steep) isle		
tollë²	n.	thumb		
tollo	n.	sticker-up		
tolma	n.	protuberance contrived to serve a purpose, knob, short rounded handle		
to(lo)sta	fraction.	one eighth		
tolpë	n.	thumb		
tolsat	fraction.	one eighth		
toltëa	num. ord.	eighth		deleted
toltil	n.	thumb		
tolto	num. card.	eight		
tolya	adj.	prominent		
tolyo	n.	sticker-up		
tomba	n.	[unglossed]		
tompë	n.	[unglossed]		
tóquet-	v.	to answer		deleted
torna	adj.	hard		
tornanga	adj. and n.	hard-iron, iron hard		
-ttë¹	suf.	they (dual)		
-ttë²	suf.	themselves		
tu	pron.	them (dual)		
tuilë	n.	spring		
tuilérë	n.	*spring-day		
tul-	v.	to come		
tulta-	v.	to send (from point of view of receiver)		
tultaima	adj.	*fetchable, summonable		
tulusta	n.	advent, arrival		
tulya-	v.	*to lead; to fetch		
tulyandë	n.	fetching		
tumba	adj.	deep valley		
tumbalë	n.	depth, deep valley		
tumbo	n.	deep vale, valley	tumbu-	
tup-	v.	to cover		
-tur	suf.	master, lord, ruler		
tur-	v.	to master, conquer, dominate, win		
túra	adj.	big, great		
turca	adj.	strong, powerful (in body)		
turco¹	n.	chief		
turco²	n.	*stronghold		
túrë	n.	*might, mastery		
túrëa	adj.	mighty, masterful		
túrin	n.	lord		
túrinasta	n.	*kingdom		
túrindië	n.	*kingdom		
turindo	n.	purposeful mind, strong will		
turindura	adj.	done necessarily		
turmen	n.	realm		
turu-	v.	to master, defeat, have victory over		
turúna	adj.	mastered		
turya-	v.	*to strengthen		
turyandë	n.	fortification		
tutulla-	v.	to keep on coming (and going)		
tuv-	v.	to find, discover		
túvima	adj.	discoverable		
-twa	suf.	their (dual)		
-tya¹	suf.	your (familiar)		
-tya²	suf.	their (dual)		
tyal-	v.	to play		
tyalië	n.	mirth		
tyar-	v.	to cause		
tyav-	v.	to taste		
tyávë	n.	*taste		
-tyë	suf.	you (familiar)		
tye	pron.	you (familiar), thee		
tyelca	adj.	hasty		
tyellë	n.	grade, order, step (in a stairway or ladder)		
tyelpë	n.	silver	tyelep-	
tyelpetéma	n.	palatal series		
tyulma	n.	mast		
þá	adv.	I agree of course, of course I do		
þáquet-	v.	to say ‘yes’, I will, agree (to do)		
þelma	n.	fixed idea, will		
þolon	n.	helmet		
þorya-	v.	to dread, feel fear		
þossë	n.	fear		
þosta-	v.	to put to fright, terrify		
þúlë	n.	spirit	þúli-	
þúna	?	[unglossed]		deleted
þur-	v.	*to seek		
þurië	n.	*(an act of) seeking		
-u	suf.	dual ending		
ú-	pref.	no, not, un-, in-; hard, difficult, bad, uneasy; hardly, with difficulty, ‘badly’		
ú¹	prep. and adv.	without, destitute of		
ú²	particle.	not		
ua-	v.	to not be, to not do		
úcalima	adj.	dim, murky		
úcar-	v.	*to trespass, do wrong, sin		
úcarë	n.	*sin, debt, trespass		
úcárima	adj.	hard to do, difficult		
úcarindo	n.	*sinner		
úcarnë	adj.	not red		
úfantima	adj.	not concealable		
úfantuma	adj.	not concealable		
úfanwëa	adj.	not veiled, unveiled		
úχarin	adj.	unmarred		
úharin	adj.	unmarred		
uhta-	v.	to dislike, feel disgust with, avoid as painful or nasty		
ui	interj.	no, it is n[ot]		
ui-	v.	to not be, to not do		
uito	interj.	it is not that		
ul-	v.	to rain		
-ula	suf.	likelihood or aptitude		
ulca	adj.	evil; dark, gloomy, sinister		
ulcarindo	n.	*sinner		deleted
ulco	n.	evil	ulcu-	
ulo	n.	rain	*ulu-	
úlumë	adv.	ever, at all times (in a series or period)		
úma-	v.	to teem		
úmaitë	adj.	clumsy(-handed), unskilled		
úmara	adj.	bad, ill-used, evil, sinister		
úmárë	n.	not good = evil		
um(ba)-	pref.	[unglossed]		deleted
umba	n.	swarm		
umbacarin	n.	[unglossed]		deleted
umbar	n.	fate, doom, curse	umbart-	
umbarta-	v.	to define, decree, destine		
umbë	n.	imminence, threat; premonition, fear, unwelcome expectation		
umbo(n)	n.	hill, lump, clump, mass		
-úmë	suf.	[large], of quantity		
úmë	n.	great collection or crowd of things of the same sort, throng		
úmëa	adj.	abundant, swarming, teeming		
úna¹	adj.	deprived of, destitute, forlorn		
úna²	?	*it is not		
únat	n.	thing impossible to be or to be done		
undómë	n.	twilight, time near evening		
undu	adv.	down, under		
undulav-	v.	to drown, swallow, submerge, (lit.) lick down		
undumë	n.	abyss		
únehta	n.	*atom		
ungwë	n.	spider’s web		
únotë(a)	adj.	not counted, uncounted		
únótima	adj.	numberless, innumerable, countless, difficult/impossible to count		
unqualë	n.	death agony		
unquë	n.	a hollow		
untup-	v.	to cover (over or up), lie as a covering upon, (lit.) to cover down		
únyárima	adj.	impossible to recount		
uo	adv.	together		deleted
úpa	adj.	dumb [unable to speak]		
úpa-	v.	[unglossed]		
úpahtëa	adj.	speechless		
úquétima	adj.	unspeakable, impossible to say or put into words, unpronounceable		
úr	n.	heat		
úra¹	adj.	nasty		
úra²	adj.	torrid, sultry, unpleasantly hot		
urcarne	adj.	hard to make / do		
urco	n.	bogey, orc	urcu-	
urda	adj.	hard, difficult, arduous		
úrë	n.	heat	*úri-	
Úrimë	n.	August, *Hot-one		
urnótima	adj.	*difficult to count		deleted
úro	n.	*evil, nastiness		
urra	adj.	bad		
ursa	n.	rage		
ursa-	v.	to rage		
urtu	n.	death		deleted
ur(u)-	pref.	hard, difficult		
urucárima	adj.	hard to make / do		
urucarin	adj.	made with difficulty		
urulócë	n.	fire-serpent, fire-drake		
urunóte	adj.	*difficult to count		deleted
urus	n.	copper	urust-	
urya-	v.	to be hot		
us-	pref.	[wrong] with a bad sense; unsuitable, bad, improper, useless, wrong		
úsahtië	n.	inducement to do wrong, *temptation		
uscarë	n.	doing wrong		
úsië	conj.	on the contrary		
úsir	conj.	on the contrary		
usquë	n.	dusk, dim light		
uv-	v.	*to be going to		
-uva	suf.	future tense suffix		
úva-	v.	to impend, be imminent, draw near [usually negative in sense]		
úvana	adj.	marred		
úvanë(a)	adj.	without beauty		
úvanima	adj.	not fair, ugly; hard to call beautiful, hideous		
úvanimo	n.	monster, corrupt or evil creature		
úvano	n.	monster, corrupt or evil creature		
úvië	n.	pondering, consideration		
uxarë	n.	doing wrong		
úyalë	n.	twilight		
vá-	pref.	negation (refusing or forbidden)		
-va	suf.	possessive or adjectival ending		
va	prep. and pref.	(away) from		
vá	interj. and adv.	will not, do not, shall not		
vailë	n.	wind		
vailima	adj.	windy		
vaina	adj.	blonde, fair of hair		deleted
vaire	adj.	?wavy		
vaiwë	n.	wind		
Vala	n.	(Angelic) Power, ‘God’, Authority		
vala-	v.	to have [divine] power		
Valanya	n.	*Friday, Vala-day		
valca	adj.	fierce, ferocious		
valda	adj.	excited, wild		
Valië	n.	Female Vala		
valmë	n.	excitement, emotion		
valta-	v.	to excite, rouse, stir up		
valut-	v.	to flow away		
valwistë	n.	change of mind		
valya-	v.	to be excited (moved)		
vana	adj.	fair-haired (yellow to golden)		
vanda	n.	oath, pledge, solemn promise		
vanë	adj.	fair	vani-	
vanessë	n.	beauty		
vangwë	n.	storm; blow		
vanië	n.	beauty		
vanima¹	adj.	beautiful, fair		
vanima²	n.	beautiful one, fair one		
vanimalda	adj.	most beautiful, exceeding fair; thou beautiful		
vanimelda	adj.	beautiful and beloved, elven-fair		
vanwa	adj.	gone, lost, departed, vanished, past, over, no longer to be had, passed away, dead		
vanya	adj.	fair, beautiful, unmarred; fair-haired (yellow to golden)		
vanya-	v.	to pass		
váquet-	v.	to refuse, forbid, prohibit; (lit.) to say no, to say ‘I will not or do not’		
var	adv.	*from, away to		deleted
varanda	adj.	sublime		
vardarianna	n.	fragrant evergreen tree		
varnë	adj.	russet, brown	varni-	
vasar	n.	veil		
vasarya-	v.	to veil		
váva	n.	*wind		
vávëa	adj.	(con)similar, alike		
váya	n.	ocean, sea		
váya-	v.	to blow		deleted
-vë	suf.	abstract noun, adverb		
ve¹	prep.	as, like, similar, after the manner [of]		
ve²	pron.	us, we (inclusive)		
vëa¹	adj.	seeming, apparent		
vëa²	n.	wind		
vecca	adj.	active		deleted
vehtë	n.	[a span of] life; habitat, haunt		
vehtequentalë	n.	biography		
véla	adj.	*alike, having a likeness or similarity		
velca	adj.	large, great, big		deleted
vendë	n.	maiden, *virgin		
vendelë	n.	maidenhood		
vénë	n.	*virgin		
vénëa	adj.	*virginal		
vëo	n.	living creature		
véra	adj.	personal, private, own		
veri	n.	wife		
verta-	v.	to give in marriage (a) to (b), take as husband or wife (to oneself)		
veru	n.	husband		
verya-	v.	to marry (of husband and wife), be joined to		
veryanwë	n.	wedding		
vi	pron.	us (inclusive)		
vilva	adj.	fluttering to and fro		
vilvarin	n.	butterfly	vilvarind-	
vilvarindëa	adj.	like a butterfly		
vilya	n.	air, sky		
vínë	n.	youth		
vingë	n.	foam, spindrift, spray		
vingil	n.	*nymph, mermaid, foam-maid	vingild-	
vinimetta	n.	end of youth		
vinimo	n.	baby, little-one		
vinta-	v.	to scatter, blow about		
vinya	adj.	young, new		
vinyamo	n.	youngster		
vinyarë	n.	youth		
Víressë	n.	April, *Freshness		
virya-	v.	to change [self], alternate		
vista-	v.	to change [something]		
vistë	n.	change		
vorë	adv.	*always		deleted
vórima	adj.	faithful		
voronda	adj.	faithful, steadfast (in allegiance, in keeping oath or promise)		
voronwë	n.	steadfastness, loyalty, faith(fulness)		
wa-	pref.	together		
walmë	n.	excitement, emotion		
walta-	v.	to excite, rouse, stir up		
walwistë	n.	change of mind		
walya-	v.	to be excited (moved)		
waya	n.	ocean		
-wë	suf.	ancient name suffix (usually but not always masculine)		
wendë	n.	maiden		
wendelë	n.	maidenhood		
wenya	adj.	fair, beautiful		deleted
were-	v.	to weave		deleted
wilwa	adj.	fluttering to and fro		
wilwarin	n.	butterfly	wilwarind-	
wilwarindëa	adj.	like a butterfly		
wilya	n.	air, sky		
winë	n.	baby, little-one, child not yet full grown	wini-	
wing(a)	n.	foam, spray		
wingë	n.	foam, spindrift, spray		
wingil	n.	*nymph, mermaid, foam-maid	wingild-	
win(i)cë	n.	baby, little-one		
winima	adj.	childish		
winimo	n.	baby, little-one		
winta-	v.	to scatter, blow about		
winyamo	n.	youngster		
wirnë	n.	change		
wistë	n.	change		
-xa	suf.	your (dual)		
-xë¹	suf.	reflexive verbal inflection		
-xë²	suf.	you (dual)		
xiétë	adj.	passing, impermanent	xiéti-	
ya	pron.	which, that (relative pronoun)		
yá	conj.	when		
-ya¹	suf.	adjective suffix		
-ya²	suf.	suffix of endearment		
-ya³	suf.	his, her, its (colloquial)		
-ya⁴	suf.	verbal suffix		
yaimë	n.	wailing		
yaimëa	adj.	wailing		
yal-	v.	to summon		
yallë	conj.	as, like, [lit.] in the same way as		
yallumë	conj.	in times when		
yan	conj. and adv.	*as		
yána	adj.	wide, vast, huge		
yanda	adj.	wide		
yanta	n.	bridge		
yanwë	n.	joining		
yára	adj.	old, ancient		
yárië	n.	age		
yarra-	v.	to growl, snarl		
yassë	conj.	where [relative], in which place		
yáva	n.	*fruit		
yavannamírë	n.	Jewel of Yavanna		
Yavannië	n.	September, *Yavanna-ness		
yávë	n.	fruit		
yávië	n.	autumn, harvest [time or act]		
yáviérë	n.	*autumn-day		
-ye	suf.	and (pairs)		
ye	pron.	who		
yé	interj.	lo!, what a ..., what is more		
yëa	interj.	what is more		
yeldë	n.	daughter		
yén	n.	Elvish long year (144 solar years)		
yénië	n.	annals		
yermë	n.	sexual desire (for marriage and procreation)		
yesta	n.	beginning		
yo	conj.	both ... and		
yo-	pref.	together (of three or more things)		
yó(m)	prep.	[together] with		
yomenië	n.	meeting, gathering		
yón	n.	region	*yond-	
yonda¹	adj.	enclosed		
yonda²	adj.	wide, roomy, extensive		
yondë	n.	region, any fairly extensive region with well-marked natural bounds		
yondo	n.	son, boy		
yonna	adj.	enclosed		
yontil	n.	boy, son [finger name]		
yonwa	n.	fence, border, boundary		
yonyo	n.	(big) boy, son		
yor-	v.	to enclose, set bounds to/about		
yosanwë	n.	congruence		
yu-	pref.	both		
yucainen	num. card.	twenty		
yul-	v.	to drink		
yulda¹	n.	drink, draught, thing drunk; cup		
yulda²	adj.	drunk		
yúlima	adj.	drinkable		
yulma	n.	cup, drinking vessel, drinking implement, goblet		
yulmë	n.	drinking, carousal		
yuluitë	adj.	drinking (as a habit), *aquatic	yuluiti-	
yulunefítë	adj.	amphibious, *(lit.) drinking-breathing		
yunquë	num. card.	twelve		
yunquenta	num. card.	thirteen		
yunquentë	num. card.	thirteen		
yunquesta	fraction.	*one twelfth		
yúyal	n.	twilight		
yúyo	adj.	both		
